pcf_id,pcf_cost,pcf_stock,ingram_id,ingram_partnumber,ingram_cost,ingram_stock,intcomex_id,intcomex_partnumber,intcomex_cost,intcomex_stock,acer_id,acer_partnumber,acer_cost,acer_stock
940,20836.0,0.0,1189743,C9352AL,30.97,3.0,,C9352AL,32.1,6.0,,,,
1771,57728.0,0.0,1230999,CE310A,61.01,8.0,,CE310A,61.8,20.0,,,,
1772,62882.0,0.0,1231000,CE311A,67.76,34.0,,CE311A,68.7,20.0,,,,
1773,63200.0,0.0,1231001,CE312A,67.84,15.0,,CE312A,68.8,20.0,,,,
1774,64354.0,0.0,1231002,CE313A,67.91,29.0,,CE313A,68.7,20.0,,,,
6255,6370.0,0.0,1694453,K62383,8.12,185.0,,K62383,8.4,20.0,,,,
9007,13162.0,-1.0,1252840,CH561HL,13.88,43.0,,CH561HL,14.8,20.0,,,,
9008,15979.0,0.0,1252841,CH562HL,16.95,156.0,,CH562HL,17.3,16.0,,,,
11934,9828.0,0.0,2035404,CZ103AL,10.52,754.0,,CZ103AL,11.2,20.0,,,,
11935,10683.0,0.0,2035425,CZ104AL,10.48,1107.0,,CZ104AL,10.8,20.0,,,,
11936,11243.0,0.0,2035428,CZ113AL,11.87,25.0,,CZ113AL,11.7,20.0,,,,
11937,11278.0,0.0,2035430,CZ115AL,11.83,15.0,,CZ115AL,11.7,2.0,,,,
11938,11305.0,0.0,2035429,CZ114AL,11.86,28.0,,CZ114AL,11.6,2.0,,,,
11939,11315.0,0.0,2035431,CZ116AL,11.86,13.0,,CZ116AL,11.5,5.0,,,,
12291,56508.0,0.0,1966221,CF280A,122.79,19.0,,CF280A,135.3,20.0,,,,
12548,22547.0,2.0,2035426,CZ105AL,24.19,357.0,,CZ105AL,25.7,20.0,,,,
12949,6675.0,0.0,2342713,T664120-AL,7.0,3979.0,,T664120-AL,7.0,20.0,,,,
12951,6467.0,-1.0,2342714,T664220-AL,6.82,1469.0,,T664220-AL,7.0,20.0,,,,
12952,6467.0,-1.0,2342715,T664320-AL,6.82,1399.0,,T664320-AL,7.0,20.0,,,,
12956,6467.0,-1.0,2342716,T664420-AL,6.84,1073.0,,T664420-AL,7.0,20.0,,,,
13202,9313.0,1.0,2360612,T673220-AL,10.52,216.0,,T673220-AL,10.8,20.0,,,,
13204,9960.0,0.0,2360616,T673620-AL,10.52,106.0,,T673620-AL,10.5,20.0,,,,
13205,10065.0,0.0,2360615,T673520-AL,10.52,104.0,,T673520-AL,10.8,20.0,,,,
13207,10061.0,0.0,2360614,T673420-AL,10.52,193.0,,T673420-AL,11.0,20.0,,,,
14996,165887.0,0.0,2485873,C11CC24011,173.39,4.0,,C11CC24011,171.6,4.0,,,,
16631,71044.0,0.0,2489323,CF283A,76.65,453.0,,CF283A,77.9,20.0,,,,
17100,9653.0,0.0,2686056,LC509BK,10.11,9.0,,LC509BK,10.2,20.0,,,,
17101,8455.0,0.0,2686053,LC505C,8.91,4.0,,LC505C,9.0,10.0,,,,
17308,16065.0,0.0,2584076,T774120-AL,16.79,90.0,,T774120-AL,16.9,20.0,,,,
18879,55120.0,537.0,2863102,HL-1212W,62.57,78.0,,HL-1212W,62.6,20.0,,,,
19094,71800.0,27.0,2851801,DR2340,78.95,11.0,,DR2340,78.5,20.0,,,,
19095,34600.0,57.0,2851802,TN2340,38.04,216.0,,TN2340,37.8,20.0,,,,
19096,52300.0,37.0,2851803,TN2370,57.51,1026.0,,TN2370,57.2,20.0,,,,
19204,6504.0,525.0,3292313,K72444ES,7.88,147.0,,K72444ES,7.9,20.0,,,,
19839,41340.0,871.0,2902291,HL-1202,45.96,12.0,,HL-1202,46.0,20.0,,,,
19884,17510.0,0.0,2839904,K62617WW,20.07,10.0,,K62617WW,19.0,11.0,,,,
19959,10191.0,1.0,2893716,K97328WW,10.66,91.0,,K97328WW,10.6,20.0,,,,
20281,61420.0,1.0,2446105,LI2208-SR7U2100SGW,65.12,4.0,100000226,LI2208-SR7U2100SGW,68.2,4.0,,,,
20550,5800.0,497.0,3002592,BT5001C,6.38,1690.0,,BT5001C,6.4,20.0,,,,
20551,5800.0,505.0,3002593,BT5001M,6.38,1898.0,,BT5001M,6.4,20.0,,,,
20552,7053.0,0.0,3002825,BT6001BK,7.37,603.0,,BT6001BK,7.4,20.0,,,,
20553,5800.0,495.0,3002594,BT5001Y,6.38,1651.0,,BT5001Y,6.4,20.0,,,,
21038,75790.0,104.0,2895754,DCP-1602,91.7,21.0,,DCP-1602,91.8,20.0,,,,
21091,10020.0,-1.0,3065081,F6V29AL,10.55,2400.0,,F6V29AL,11.1,20.0,,,,
21092,9898.0,-2.0,3065080,F6V28AL,10.49,4406.0,,F6V28AL,10.6,20.0,,,,
21093,30081.0,-1.0,3065083,F6V31AL,32.17,78.0,,F6V31AL,32.4,20.0,,,,
21094,29767.0,3.0,3065082,F6V30AL,30.35,296.0,,F6V30AL,31.1,20.0,,,,
21141,10613.0,1.0,3065078,CZ637AL,11.27,120.0,,CZ637AL,12.0,20.0,,,,
22631,57200.0,28.0,3255481,TN3429,62.9,45.0,,TN3429,62.5,20.0,,,,
22632,116100.0,7.0,3255480,DR3460,127.65,156.0,,DR3460,126.8,20.0,,,,
22635,107613.0,0.0,3255482,TN3479,112.48,173.0,,TN3479,111.8,20.0,,,,
23418,24047.0,1.0,3338018,L0S50AL,25.31,91.0,,L0S50AL,25.9,20.0,,,,
23419,23952.0,1.0,3338019,L0S53AL,25.53,48.0,,L0S53AL,25.8,20.0,,,,
23420,24350.0,0.0,3338020,L0S56AL,25.53,2.0,,L0S56AL,25.9,20.0,,,,
23421,34302.0,1.0,3338021,L0S59AL,36.83,53.0,,L0S59AL,37.4,20.0,,,,
23812,79799.0,0.0,3403895,L0R93AL,86.16,8.0,,L0R93AL,88.4,4.0,,,,
23815,120958.0,0.0,3403897,L0R99AL,152.08,5.0,,L0R99AL,157.1,20.0,,,,
23816,120993.0,0.0,3403898,L0S02AL,152.05,6.0,,L0S02AL,157.7,9.0,,,,
23817,135430.0,0.0,3403899,L0S05AL,152.64,14.0,,L0S05AL,158.0,1.0,,,,
24361,304584.0,0.0,3286831,C11CE05302,294.09,3.0,,C11CE05302,285.31,6.0,,,,
24560,7233.0,3.0,2893718,K97331WW,5.31,43.0,,K97331WW,5.6,7.0,,,,
24826,25800.0,163.0,3511521,PTH110BK,32.0,191.0,,PTH110BK,31.4,20.0,,,,
24905,7294.0,3.0,3425685,M0H54AL,7.88,3879.0,,M0H54AL,8.1,20.0,,,,
24908,7006.0,47.0,3425686,M0H55AL,7.87,3933.0,,M0H55AL,8.1,20.0,,,,
24909,7352.0,1.0,3425687,M0H56AL,7.88,3268.0,,M0H56AL,8.1,20.0,,,,
25213,110977.0,46.0,4490865,WDBU6Y0020BBK-WESN,121.9,153.0,,WDBU6Y0020BBK-WESN,129.0,20.0,,,,
25231,16248.0,6.0,3578885,LC3017BK,16.71,55.0,,LC3017BK,16.8,20.0,,,,
25232,10200.0,5.0,3578886,LC3017C,11.22,60.0,,LC3017C,11.3,20.0,,,,
25233,10895.0,4.0,3578887,LC3017M,11.22,69.0,,LC3017M,11.3,20.0,,,,
25234,10179.0,1.0,3578888,LC3017Y,11.22,64.0,,LC3017Y,11.3,20.0,,,,
25235,28632.0,6.0,3578889,LC3019BK,29.46,49.0,,LC3019BK,29.6,20.0,,,,
25237,17723.0,8.0,3578891,LC3019M,18.25,27.0,,LC3019M,18.4,20.0,,,,
25238,17723.0,6.0,3578892,LC3019Y,18.25,17.0,,LC3019Y,18.4,20.0,,,,
25593,29274.0,0.0,3406985,T6M12AL,31.26,11.0,,T6M12AL,30.5,9.0,,,,
25594,29274.0,0.0,3406974,T6M08AL,31.26,23.0,,T6M08AL,30.6,4.0,,,,
26169,88600.0,42.0,3693015,QL-800,88.35,2.0,,QL-800,97.5,5.0,,,,
26241,17147.0,5.0,3695095,DK2251,17.93,39.0,,DK2251,17.0,20.0,,,,
26951,93669.0,0.0,3406410,CF232A,99.72,23.0,,CF232A,113.8,20.0,,,,
27246,5932.0,0.0,1188594,M231,6.2,428.0,,M231,7.0,20.0,,,,
28848,6700.0,319.0,5190203,BTD60BK,7.37,921.0,,BTD60BK,7.4,20.0,,,,
29652,7285.0,300.0,4202399,T504120-AL,7.61,6748.0,,T504120-AL,7.8,20.0,,,,
29653,6555.0,320.0,4202400,T504220-AL,6.88,5773.0,,T504220-AL,7.0,20.0,,,,
29654,6555.0,304.0,4202401,T504320-AL,6.87,5902.0,,T504320-AL,7.0,20.0,,,,
29655,6555.0,305.0,4202402,T504420-AL,6.88,5504.0,,T504420-AL,7.0,20.0,,,,
29932,52611.0,0.0,4149401,CF248A,56.18,22.0,,CF248A,56.4,20.0,,,,
31611,30100.0,0.0,4373230,TN213C,53.99,76.0,,TN213C,54.2,20.0,,,,
31612,30100.0,0.0,4373231,TN213M,53.99,52.0,,TN213M,54.2,20.0,,,,
31613,30100.0,0.0,4373232,TN213Y,53.99,31.0,,TN213Y,54.2,20.0,,,,
31614,62709.0,-1.0,4373233,TN217BK,65.54,84.0,,TN217BK,65.7,20.0,,,,
31615,68389.0,1.0,4373234,TN217C,71.46,28.0,,TN217C,71.7,20.0,,,,
31616,68389.0,0.0,4373235,TN217M,71.46,20.0,,TN217M,71.7,20.0,,,,
31617,68389.0,1.0,4373236,TN217Y,71.46,42.0,,TN217Y,71.7,20.0,,,,
31645,6555.0,1.353,4354416,T544120-AL,6.92,16797.0,,T544120-AL,7.0,20.0,,,,
31646,6555.0,97.0,4354417,T544220-AL,6.84,6997.0,,T544220-AL,7.0,20.0,,,,
31647,6555.0,150.0,4354418,T544320-AL,6.84,7265.0,,T544320-AL,7.0,20.0,,,,
31648,6555.0,85.0,4354419,T544420-AL,6.84,7327.0,,T544420-AL,7.0,20.0,,,,
32648,43233.0,0.0,3348479,T748XXL120-AL,45.2,184.0,,T748XXL120-AL,44.4,20.0,,,,
32649,55347.0,0.0,3348480,T748XXL220-AL,57.26,214.0,,T748XXL220-AL,56.3,20.0,,,,
32719,130600.0,0.0,3255483,TN3499,143.6,135.0,,TN3499,144.0,20.0,,,,
32858,116802.0,0.0,3021444,CF226A,138.06,45.0,,CF226A,151.9,4.0,,,,
32859,56781.0,-1.0,3338024,L0S71AL,57.73,35.0,,L0S71AL,58.4,20.0,,,,
32860,41049.0,0.0,3338022,L0S62AL,43.79,17.0,,L0S62AL,48.9,20.0,,,,
32886,17798.0,18.0,4322013,K65035AM,18.82,4.0,,K65035AM,17.8,20.0,,,,
33142,16700.0,1.0,5449241,4P4F8AA,25.74,8.0,100016414,4P4F8AA,21.6,20.0,,,,
33411,45518.0,0.0,4449025,T40W120,47.6,57.0,,T40W120,47.2,20.0,,,,
33412,32900.0,0.0,4449026,T40W220,34.4,55.0,,T40W220,34.2,20.0,,,,
33413,32900.0,0.0,4449027,T40W320,34.4,56.0,,T40W320,34.2,20.0,,,,
33414,32900.0,0.0,4449028,T40W420,34.4,49.0,,T40W420,34.2,20.0,,,,
33808,46372.0,0.0,3713014,TN411BK,48.48,41.0,,TN411BK,48.7,20.0,,,,
33809,49224.0,0.0,3713075,TN411C,54.21,39.0,,TN411C,54.4,20.0,,,,
33810,51868.0,0.0,3713076,TN411M,54.21,74.0,,TN411M,54.4,20.0,,,,
33811,52666.0,0.0,3713077,TN411Y,54.21,36.0,,TN411Y,54.4,20.0,,,,
33812,85786.0,0.0,3713082,TN419BK,88.29,65.0,,TN419BK,88.6,20.0,,,,
33813,139200.0,1.0,3713083,TN419C,153.05,108.0,,TN419C,154.3,20.0,,,,
33814,139061.0,0.0,3713084,TN419M,153.05,93.0,,TN419M,154.3,20.0,,,,
33820,96992.0,0.0,3135116,CF410A,102.53,132.0,,CF410A,112.6,16.0,,,,
34019,25896.0,0.0,4461369,T941120-AL,27.08,113.0,,T941120-AL,26.9,20.0,,,,
34020,39640.0,0.0,4461370,T941220-AL,41.44,106.0,,T941220-AL,41.1,20.0,,,,
34021,39640.0,0.0,4461371,T941320-AL,41.44,106.0,,T941320-AL,41.1,20.0,,,,
34022,39640.0,0.0,4461372,T941420-AL,41.44,101.0,,T941420-AL,41.1,20.0,,,,
34076,23375.0,0.0,4475717,3JA50AL,24.78,138.0,,3JA50AL,23.8,20.0,,,,
34077,23225.0,0.0,4475718,3JA51AL,24.74,130.0,,3JA51AL,23.8,20.0,,,,
34079,49424.0,0.0,4475724,3JA57AL,54.19,78.0,,3JA57AL,52.6,4.0,,,,
34080,40523.0,0.0,4475721,3JA54AL,43.14,49.0,,3JA54AL,41.4,20.0,,,,
34081,40456.0,0.0,4475722,3JA55AL,42.55,85.0,,3JA55AL,41.4,20.0,,,,
34087,162397.0,-2.0,4520430,C11CG96303,169.81,1.0,,C11CG96303,166.4,20.0,,,,
34110,22129.0,25.0,4883477,K39124WW,25.11,13.0,,K39124WW,25.9,8.0,,,,
34153,12572.0,0.0,4558868,T534120-AL,13.14,638.0,,T534120-AL,13.6,20.0,,,,
34999,105928.0,0.0,4373226,DR213CL,110.72,8.0,,DR213CL,111.6,4.0,,,,
35016,7455.0,-2.0,4512444,1VV22AL,7.87,2793.0,,1VV22AL,8.1,20.0,,,,
35077,9908.0,0.0,4532106,W1103A,10.46,143.0,,W1103A,11.7,20.0,,,,
35388,15436.0,1.044,4472584,K75235CL,17.51,8.0,,K75235CL,18.6,20.0,,,,
35992,59263.0,-1.0,4213423,BV500I-MS,62.33,22.0,,BV500I-MS,68.5,20.0,,,,
36084,17597.0,233.0,4799721,K75520WW,19.97,35.0,,K75520WW,20.6,11.0,,,,
36085,19356.0,551.0,4792973,K75501WW,21.97,12.0,,K75501WW,22.7,9.0,,,,
36088,20245.0,0.0,4181186,K62597CL,19.79,20.0,,K62597CL,20.5,7.0,,,,
36094,25800.0,0.0,4735883,PTH110TB,27.98,18.0,,PTH110TB,31.4,2.0,,,,
36101,89225.0,0.0,4213422,BV1000I-MS,87.87,25.0,,BV1000I-MS,95.0,20.0,,,,
36562,11414.0,0.0,4792008,T206220-AL,11.94,48.0,,T206220-AL,11.9,12.0,,,,
36634,18997.0,9.0,4181134,K60089,18.86,44.0,,K60089,20.8,20.0,,,,
37713,7709.0,353.0,3292375,K72464WW,8.74,10.0,,K72464WW,9.1,19.0,,,,
37718,9373.0,786.0,4944995,K75353WW,10.66,57.0,,K75353WW,10.8,20.0,,,,
38247,21375.0,256.0,5003313,K75401ES,24.26,41.0,,K75401ES,25.7,19.0,,,,
38655,286975.0,0.0,4374455,ZD51013-D01E00FZ,433.83,29.0,100002242,ZD51013-D01E00FZ,419.9,18.0,,,,
38917,1459407.0,1.0,5344830,C11CJ15201,1903.3,1.0,,C11CJ15201,1864.8,1.0,,,,
39127,158510.0,0.0,3021447,CF287A,256.25,236.0,,CF287A,286.0,20.0,,,,
39128,290000.0,0.0,3021448,CF287X,349.71,24.0,,CF287X,357.5,2.0,,,,
39129,97861.0,0.0,4489474,CF258A,115.47,133.0,,CF258A,128.2,20.0,,,,
39163,62363.0,0.0,6850410,4P5J1AA,79.33,48.0,100016388,4P5J1AA,66.1,20.0,,,,
40240,231576.0,0.0,4547037,BR1200SI,244.2,4.0,,BR1200SI,291.3,6.0,,,,
40525,584867.0,8.0,5137001,C11CH96303,656.61,41.0,,C11CH96303,643.4,11.0,,,,
40529,9761.0,-3.0,4888130,3YM78AL,10.16,6279.0,,3YM78AL,10.5,20.0,,,,
40531,29188.0,-1.0,4888132,3YM80AL,30.48,311.0,,3YM80AL,30.0,2.0,,,,
40532,30080.0,0.0,4888133,3YM81AL,31.72,450.0,,3YM81AL,32.4,20.0,,,,
40843,3025.0,-2.0,4789165,K33020WW,5.48,29.0,,K33020WW,5.8,20.0,,,,
40938,22129.0,0.0,5197033,K58300WW,25.11,14.0,,K58300WW,26.2,9.0,,,,
41115,202266.0,41.0,5680854,100-100001015BOX,195.48,74.0,,100-100001015BOX,203.6,10.0,,,,
41439,5491.0,1.0,4618786,K72110,6.23,4.0,,K72110,6.5,20.0,,,,
41594,137915.0,3.0,4563682,B11B252201,144.22,11.0,,B11B252201,141.0,20.0,,,,
42265,330818.0,0.0,5223287,B11B261202,345.96,46.0,,B11B261202,342.6,20.0,,,,
42552,17165.0,0.0,5240657,T554120-AL,17.96,183.0,,T554120-AL,18.5,20.0,,,,
42553,17157.0,0.0,5240658,T555120-AL,17.93,217.0,,T555120-AL,18.5,20.0,,,,
42554,17130.0,0.0,5240659,T555220-AL,17.9,235.0,,T555220-AL,18.2,20.0,,,,
42555,17139.0,0.0,5240660,T555320-AL,17.91,220.0,,T555320-AL,18.5,20.0,,,,
42556,17130.0,0.0,5240661,T555420-AL,17.91,232.0,,T555420-AL,18.2,20.0,,,,
42557,17149.0,0.0,5240662,T555520-AL,17.93,202.0,,T555520-AL,18.3,20.0,,,,
43161,363859.0,-1.0,5190691,B11B261201,369.49,10.0,,B11B261201,365.55,14.0,,,,
43744,286979.0,0.0,5304147,BX8071512700KF,306.83,87.0,,BX8071512700KF,329.1,20.0,,,,
44289,131789.0,1.0,5330107,FQC-10553,137.97,40.0,,FQC-10553,144.2,20.0,,,,
45077,213038.0,0.0,4600507,ZD22042-T01G00EZ,227.13,67.0,100002540,ZD22042-T01G00EZ,224.8,20.0,,,,
45373,24659.0,953.0,5440999,T544520-4P,25.75,5811.0,,T544520-4P,25.8,20.0,,,,
45374,24844.0,1.0,5473672,T664520-4P,26.14,858.0,,T664520-4P,25.3,20.0,,,,
45884,14786.0,0.0,5548642,LC402BKS,16.71,37.0,,LC402BKS,16.9,20.0,,,,
45888,31300.0,9.0,5549065,LC402XLBKS,34.41,379.0,,LC402XLBKS,34.6,20.0,,,,
45889,20513.0,0.0,5549066,LC402XLCS,21.44,59.0,,LC402XLCS,21.5,20.0,,,,
45890,19500.0,11.0,5549067,LC402XLMS,21.44,202.0,,LC402XLMS,21.5,20.0,,,,
45891,19500.0,12.0,5549068,LC402XLYS,21.44,23.0,,LC402XLYS,21.7,20.0,,,,
46621,105534.0,0.0,1858358,CE412A,141.28,31.0,,CE412A,159.5,6.0,,,,
46625,91102.0,0.0,4495577,W2022A,120.57,72.0,,W2022A,120.1,20.0,,,,
46626,112256.0,0.0,4495575,W2021A,120.59,54.0,,W2021A,120.8,20.0,,,,
47090,112034.0,0.0,4495579,W2023A,120.62,54.0,,W2023A,120.8,20.0,,,,
47249,298710.0,0.0,4630675,R2H28A,314.06,7.0,,R2H28A,298.8,20.0,,,,
47954,28301.0,0.0,5628339,6H9B5AA,29.41,369.0,100017637,6H9B5AA,32.7,20.0,,,,
48503,36930.0,3.0,6567740,6N0B0AA,50.44,118.0,100017654,6N0B0AA,56.9,20.0,,,,
48594,235287.0,122.0,5736116,C11CK57303,264.15,248.0,,C11CK57303,258.9,9.0,,,,
48849,817462.0,0.0,4489382,B11B251201,864.58,5.0,,B11B251201,921.91,1.0,,,,
49020,288174.0,0.0,5701062,LS32BG650ELXZS,346.09,24.0,,LS32BG650ELXZS,354.0,20.0,,,,
49621,528564.0,40.0,5917221,V11HA85020,584.18,179.0,,V11HA85020,461.03,11.0,,,,
49672,22813.0,0.0,6111380,C13T52L220,23.86,5.0,,C13T52L220,24.1,3.0,,,,
49673,22813.0,0.0,6111381,C13T52L320,23.86,4.0,,C13T52L320,24.1,2.0,,,,
49677,309186.0,0.0,5898461,C31CJ57012,326.04,83.0,100017132,C31CJ57012,300.1,20.0,,,,
49682,7786.0,0.0,5891621,T574220-AL,8.13,260.0,,T574220-AL,8.6,20.0,,,,
49683,7784.0,0.0,5891622,T574320-AL,8.13,264.0,,T574320-AL,8.6,20.0,,,,
49684,7874.0,0.0,5891623,T574420-AL,8.13,237.0,,T574420-AL,8.6,20.0,,,,
49685,7874.0,0.0,5891624,T574520-AL,8.13,251.0,,T574520-AL,8.6,20.0,,,,
49916,28300.0,151.0,6567739,519T1AA,33.22,844.0,100017075,519T1AA,37.6,20.0,,,,
50505,238802.0,0.0,5906597,BX8071514600K,258.1,19.0,,BX8071514600K,280.9,20.0,,,,
50506,249597.0,0.0,5906598,BX8071514600KF,244.92,40.0,,BX8071514600KF,265.3,20.0,,,,
50507,383895.0,0.0,5906599,BX8071514700K,409.91,72.0,,BX8071514700K,422.6,20.0,,,,
50508,368141.0,0.0,5906600,BX8071514700KF,390.18,146.0,,BX8071514700KF,437.2,2.0,,,,
50509,543002.0,0.0,5906601,BX8071514900K,573.02,32.0,,BX8071514900K,597.5,9.0,,,,
50510,471663.0,0.0,5906602,BX8071514900KF,542.6,173.0,,BX8071514900KF,566.3,10.0,,,,
50673,20162.0,528.0,3094030,K72324ES,20.13,24.0,,K72324ES,20.8,20.0,,,,
50675,10394.0,234.0,3292312,K72436ES,11.8,78.0,,K72436ES,14.0,20.0,,,,
50981,305000.0,44.0,6136706,LS34C650UALXZS,329.65,22.0,,LS34C650UALXZS,343.3,20.0,,,,
51032,19356.0,74.0,5037945,K60603WW,20.0,280.0,,K60603WW,22.7,20.0,,,,
51033,27300.0,0.0,3542870,K65048WW,28.88,27.0,,K65048WW,31.6,15.0,,,,
51058,57500.0,2.0,5939665,TN3609,63.23,76.0,,TN3609,63.4,20.0,,,,
51059,106785.0,0.0,5939666,TN3609XXL,112.48,150.0,,TN3609XXL,112.8,20.0,,,,
51060,163456.0,0.0,5939667,TN3619,168.23,87.0,,TN3619,167.1,2.0,,,,
51062,181113.0,1.0,5939020,DR3609,189.44,7.0,,DR3609,191.0,20.0,,,,
51094,38768.0,76.0,5475220,K81175WW,43.99,5.0,,K81175WW,45.4,13.0,,,,
51134,22129.0,50.0,5790666,K50424WW,25.11,15.0,,K50424WW,25.9,4.0,,,,
51135,9416.0,302.0,6110314,K50406WW,10.71,78.0,,K50406WW,15.8,20.0,,,,
51445,31450.0,114.0,5620666,K80250WW,31.4,20.0,,K80250WW,31.6,16.0,,,,
51479,176816.0,-1.0,6094461,BX8071514400F,177.17,103.0,,BX8071514400F,188.6,20.0,,,,
51484,367000.0,0.0,6343145,BX8071514700,385.99,354.0,,BX8071514700,394.7,20.0,,,,
51488,152054.0,-1.0,6114112,100-100001237BOX,162.45,85.0,,100-100001237BOX,161.4,20.0,,,,
51489,149512.0,18.0,6114116,100-100000931BOX,136.18,230.0,,100-100000931BOX,137.8,18.0,,,,
52200,20798.0,0.0,5604390,K65025WW,19.98,73.0,,K65025WW,22.7,20.0,,,,
52303,63670.0,0.0,5332132,K33820WW,67.27,8.0,,K33820WW,69.4,7.0,,,,
52307,16583.0,111.0,5780147,K33616WW,18.82,21.0,,K33616WW,19.5,20.0,,,,
52350,21996.0,40.0,5003312,K75400ES,21.97,46.0,,K75400ES,23.3,20.0,,,,
52421,136854.0,54.0,6215589,100-100001591BOX,145.62,126.0,,100-100001591BOX,146.6,20.0,,,,
52800,241189.0,30.0,6261610,100-100001405WOF,216.69,165.0,,100-100001405WOF,224.9,20.0,,,,
52801,300396.0,3.0,6261606,100-100001404WOF,329.86,17.0,,100-100001404WOF,322.1,20.0,,,,
52891,421822.0,0.0,5500686,MR36-HW,921.31,12.0,,MR36-HW,689.3,17.0,,,,
52955,230000.0,18.0,6338369,LS32D700EALXZS,260.96,6.0,,LS32D700EALXZS,262.03,20.0,,,,
53178,190000.0,15.0,6294940,LS24D600UALXZS,204.43,6.0,,LS24D600UALXZS,206.5,4.0,,,,
53195,5900.0,203.0,6379933,BTD100C,6.48,651.0,,BTD100C,6.5,20.0,,,,
53196,5900.0,202.0,6379932,BTD100M,6.48,704.0,,BTD100M,6.5,20.0,,,,
53197,5900.0,355.0,6379930,BTD100Y,6.48,677.0,,BTD100Y,6.5,20.0,,,,
53198,6500.0,154.0,6379935,BTD100BK,7.14,989.0,,BTD100BK,7.2,20.0,,,,
53200,12607.0,0.0,6379934,BTD100BK2PK,12.98,58.0,,BTD100BK2PK,12.9,20.0,,,,
53355,14826.0,0.0,4649270,K50423WW,15.67,30.0,,K50423WW,12.9,4.0,,,,
53569,11426.0,348.0,6278432,K52805WW,12.97,169.0,,K52805WW,13.8,20.0,,,,
53592,416515.0,29.0,6356822,100-100001084WOF,441.0,143.0,,100-100001084WOF,463.5,12.0,,,,
53595,13622.0,0.0,4547612,57Y4303,13.51,376.0,,57Y4303,12.1,20.0,,,,
53868,80000.0,56.0,6501043,LS27D300GALXZS,83.13,198.0,,LS27D300GALXZS,85.4,20.0,,,,
54317,6958.0,238.0,5141389,SDCZ410-064G-G46,12.09,2.0,,SDCZ410-064G-G46,7.6,4.0,,,,
54389,368889.0,45.0,6589745,LS27DG700ELXZS,388.42,30.0,,LS27DG700ELXZS,388.6,20.0,,,,
54390,340000.0,17.0,6783820,LS37D800UALXZS,361.72,27.0,,LS37D800UALXZS,370.84,20.0,,,,
54391,58257.0,359.0,6604498,LS22D300GALXZS,58.46,883.0,,LS22D300GALXZS,59.98,20.0,,,,
54487,855046.0,0.0,6457285,21SG009HCL,926.29,14.0,,21SG009HCL,935.2,20.0,,,,
54495,1345381.0,0.0,6588593,2HWN3,1420.4,177.0,,2HWN3,1383.5,20.0,,,,
54586,43185.0,0.0,5868806,T11B120-AL,45.13,139.0,,T11B120-AL,45.0,20.0,,,,
54588,44629.0,0.0,5868763,T11A220-AL,46.65,117.0,,T11A220-AL,46.5,20.0,,,,
54589,44629.0,0.0,5868764,T11A320-AL,46.65,164.0,,T11A320-AL,46.5,20.0,,,,
54590,44629.0,0.0,5868805,T11A420-AL,46.65,140.0,,T11A420-AL,46.5,20.0,,,,
54618,75943.0,25.0,6685194,872V1AA,90.25,50.0,100018984,872V1AA,97.7,20.0,,,,
54708,676000.0,6.0,6592677,90YV0L71-M0AA00,712.12,46.0,,PRIME-RX9070XT-O16G,722.8,20.0,,,,
54784,657666.0,8.0,6776776,LS49FG910ELXZS,737.49,15.0,,LS49FG910ELXZS,727.3,18.0,,,,
54801,700000.0,0.0,6630842,LS27FG900XLXZS,1418.3,4.0,,LS27FG900XLXZS,592.14,3.0,,,,
54806,201674.0,252.0,6694378,C11CL41303,226.41,312.0,,C11CL41303,221.9,20.0,,,,
54911,24948.0,4.0,4638355,K68008WW,26.36,167.0,,K68008WW,26.2,20.0,,,,
54920,8969.0,0.0,5452131,K80100WW,9.37,17.0,,K80100WW,9.7,20.0,,,,
54938,1690907.0,0.0,5785891,V11HA69020,1768.7,1.0,,V11HA69020,1751.2,3.0,,,,
54949,476880.0,0.0,4371621,Q9H62A,496.6,51.0,,Q9H62A,490.5,20.0,,,,
54953,603418.0,0.0,5284027,R7J27A,514.76,29.0,,R7J27A,608.8,5.0,,,,
54957,444710.0,0.0,5626952,R7J49A,324.95,19.0,,R7J49A,441.4,10.0,,,,
55017,65000.0,0.0,3962863,CF500A,71.98,28.0,,CF500A,80.3,6.0,,,,
55019,76780.0,0.0,3962917,CF502A,84.4,16.0,,CF502A,94.7,4.0,,,,
55020,76780.0,0.0,3962919,CF503A,84.4,15.0,,CF503A,94.8,1.0,,,,
55024,301631.0,0.0,5337309,BX8071512700,332.98,116.0,,BX8071512700,352.2,20.0,,,,
55040,16389.0,-1.0,6402886,90XB08L0-BBP050,17.51,865.0,,90XB08L0-BBP050,16.8,20.0,,,,
55154,932199.0,0.0,6457283,21SG009GCL,1011.7,30.0,,21SG009GCL,1028.8,13.0,,,,
55187,291727.0,0.0,6764182,WDS200T4G0E,645.68,48.0,,WDS200T4G0E,313.8,20.0,,,,
55216,142145.0,0.0,6252450,P2425H,149.5,100.0,,P2425H,144.7,20.0,,,,
55238,4160615.0,0.0,2690191,SRT10KXLI,5256.4,8.0,,SRT10KXLI,5089.7,3.0,,,,
55241,6123484.0,0.0,6518315,P81425-DM5,6537.9,3.0,,P81425-DM5,9480.2,2.0,,,,
55244,2046465.0,0.0,5217946,P40504-B21,12005.0,24.0,,P40504-B21,2449.1,1.0,,,,
55257,177589.0,0.0,6343102,BX80768245K,224.61,50.0,,BX80768245K,252.8,20.0,,,,
55259,223994.0,1.0,6343101,BX80768245KF,250.32,100.0,,BX80768245KF,233.2,20.0,,,,
55305,140000.0,0.0,6783817,LS27FM501ELXZS,153.22,39.0,,LS27FM501ELXZS,157.1,20.0,,,,
55306,205000.0,195.0,6783816,LS32FG500ELXZS,207.8,125.0,,LS32FG500ELXZS,220.5,20.0,,,,
55364,307789.0,0.0,5464806,ZD4A042-301M00EZ,324.94,31.0,100015605,ZD4A042-301M00EZ,312.5,20.0,,,,
55365,121744.0,0.0,4632182,DS9308-SR4U2100AZW,134.2,10.0,100002614,DS9308-SR4U2100AZW,133.4,6.0,,,,
55370,47554.0,0.0,5395920,W1500A,50.66,374.0,,W1500A,74.9,8.0,,,,
55388,1393398.0,0.0,6677810,21R20014CL,2107.1,17.0,,21R20014CL,2115.5,5.0,,,,
55552,1082773.0,0.0,6677814,21QD001GCL,1627.9,1.0,,21QD001GCL,1762.9,20.0,,,,
55557,1117981.0,-1.0,6677797,21QK000TCL,1426.7,34.0,,21QK000TCL,1793.9,20.0,,,,
55571,466400.0,0.0,6720115,83GU0058CL,638.96,362.0,,83GU0058CL,643.6,20.0,,,,
55781,1728730.0,0.0,6720116,21QU0009CL,1799.4,90.0,,21QU0009CL,1820.2,20.0,,,,
55785,749129.0,0.0,6677818,12XG001XCS,787.89,29.0,,12XG001XCS,1145.0,20.0,,,,
55805,14138.0,0.0,6516246,4X31R64424,14.91,60.0,,4X31R64424,16.5,20.0,,,,
55808,973061.0,0.0,6739192,21SS000LCL,1032.8,78.0,,21SS000LCL,1037.4,20.0,,,,
55811,29387.0,-1.0,6693241,4X31S04857,36.2,263.0,,4X31S04857,37.6,20.0,,,,
55815,10401.0,0.0,6618622,4X30M56888,10.98,131.0,,4X30M56888,11.6,20.0,,,,
55819,135981.0,0.0,3741267,DS2278-SR7U2100PRW,149.65,305.0,100001815,DS2278-SR7U2100PRW,148.5,20.0,,,,
55822,682944.0,0.0,5618440,ZT23142-T01000FZ,721.0,23.0,100016880,ZT23142-T01000FZ,738.8,20.0,,,,
55823,46618.0,0.0,6271023,SG-TC2L-BOOT-01,49.16,22.0,100017963,SG-TC2L-BOOT-01,49.0,20.0,,,,
55825,257313.0,0.0,4834757,ZD23042-301C00EZ,275.0,194.0,100002551,ZD23042-301C00EZ,281.2,8.0,,,,
55828,100850.0,1.0,6720119,64BCMAR4CL,106.47,72.0,,64BCMAR4CL,107.7,20.0,,,,
55829,83873.0,-2.0,6720152,64BAMAR1CL,87.3,167.0,,64BAMAR1CL,88.4,20.0,,,,
55836,2410936.0,0.0,6739194,21RS003RCL,3093.0,2.0,,21RS003RCL,4464.4,3.0,,,,
55847,935963.0,-1.0,6235416,90NX06Z1-M002K0,1061.5,9.0,,90NX06Z1-M002K0,1068.9,20.0,,,,
55864,11950.0,0.0,4255929,PWR-WUA5V12W0US,13.73,11.0,100001450,PWR-WUA5V12W0US,14.8,20.0,,,,
56009,744094.0,1.0,6750980,7XNFP,1210.0,194.0,,7XNFP,903.1,20.0,,,,
56044,260491.0,0.0,6677793,64B3GAR2CL,276.82,39.0,,64B3GAR2CL,280.1,20.0,,,,
56046,380000.0,10.0,6751338,LS32FM801ULXZS,369.59,26.0,,LS32FM801ULXZS,413.3,15.0,,,,
56058,766441.0,0.0,6313241,C11CK76301,801.74,59.0,,C11CK76301,387.3,4.0,,,,
56083,1478527.0,0.0,6590065,C11CL31301,1545.2,10.0,,C11CL31301,1538.9,4.0,,,,
56084,1163195.0,0.0,5625812,ZC32-000CQ00LA00,1262.1,8.0,100002270,ZC32-000CQ00LA00,1205.8,20.0,,,,
56085,551178.0,0.0,4501413,B11B250201,575.69,2.0,,B11B250201,569.3,2.0,,,,
56086,352314.0,0.0,5830319,C11CK24301,368.43,2.0,,C11CK24301,369.91,9.0,,,,
56087,321455.0,0.0,5464805,ZD4A042-301E00EZ,353.96,110.0,100015642,ZD4A042-301E00EZ,346.8,20.0,,,,
56089,267077.0,0.0,6128954,ZD4A022-D01E00EZ,292.8,14.0,100016893,ZD4A022-D01E00EZ,286.2,20.0,,,,
56093,1079060.0,0.0,6289778,875K5AA,1222.9,1.0,100018880,875K5AA,692.66,4.0,,,,
56103,133684.0,189.0,6804958,LS27FG530ELXZS,140.43,153.0,,LS27FG530ELXZS,155.64,20.0,,,,
56129,141836.0,0.0,5646368,C12C937901,151.33,1.0,,C12C937901,149.9,20.0,,,,
56170,128049.0,0.0,6765579,90RC01A1-B0AAY0,136.81,29.0,,90RC01A1-B0AAY0,130.1,20.0,,,,
56172,1702841.0,0.0,3331242,JL255A,1432.0,2.0,,JL255A,1810.5,2.0,,,,
56185,1168750.0,0.0,6713811,4X77A90965,1250.0,9.0,,4X77A90965,2124.5,18.0,,,,
56195,154828.0,128.0,6783814,LS27FG500ELXZS,183.66,95.0,,LS27FG500ELXZS,168.85,20.0,,,,
56196,330000.0,53.0,6783819,LS27FG602ELXZS,350.49,34.0,,LS27FG602ELXZS,361.38,20.0,,,,
56206,851232.0,0.0,5513185,SRV3KI-E,882.78,26.0,,SRV3KI-E,909.5,6.0,,,,
56391,8786.0,0.0,6697234,K65029,9.37,121.0,,K65029,7.5,20.0,,,,
56394,937460.0,0.0,6643446,Y5C5C,1308.0,192.0,,Y5C5C,1304.3,20.0,,,,
56424,435283.0,-1.0,5830318,C11CK23301,415.32,20.0,,C11CK23301,415.65,10.0,,,,
56493,990991.0,0.0,6597328,1N5GV,1084.6,44.0,,1N5GV,1029.5,1.0,,,,
56498,32789.0,0.0,6269896,90XB08T0-BBP000,36.39,38.0,,90XB08T0-BBP000,33.9,20.0,,,,
56507,1292600.0,0.0,6497729,4XB7A90875,1405.0,1.0,,4XB7A90875,2381.9,15.0,,,,
56538,354578.0,0.0,5528470,SRV1KI-E,352.5,38.0,,SRV1KI-E,347.6,20.0,,,,
56539,581911.0,0.0,5511193,SRV2KI-E,612.02,57.0,,SRV2KI-E,600.3,17.0,,,,
56545,1156947.0,0.0,4485251,SRT1000XLI,1248.2,6.0,,SRT1000XLI,1197.0,2.0,,,,
56549,352381.0,-1.0,5480826,C11CJ88303,348.49,47.0,,C11CJ88303,345.19,20.0,,,,
56551,337861.0,0.0,6746628,B11B273201,348.49,3.0,,B11B273201,349.18,3.0,,,,
56560,508300.0,0.0,5217865,P38995-B21,552.5,12.0,,P38995-B21,292.0,2.0,,,,
56562,1616050.0,0.0,5785892,V11HA70020,1548.8,1.0,,V11HA70020,1544.8,5.0,,,,
56566,170000.0,45.0,6822542,LS27HG400ELXZS,192.88,43.0,,LS27HG400ELXZS,200.1,20.0,,,,
56580,180189.0,25.0,5978369,C11CK58302,196.22,5.0,,C11CK58302,192.3,20.0,,,,
56581,378820.0,1.0,4595275,C11CG93303,396.14,8.0,,C11CG93303,391.9,3.0,,,,
56588,11859.0,0.0,6278446,K60389WW,12.52,27.0,,K60389WW,11.1,11.0,,,,
56591,41722.0,0.0,6812849,K72486ES,44.04,18.0,,K72486ES,45.5,20.0,,,,
56593,13699.0,0.0,6811854,K75452ES,14.47,16.0,,K75452ES,15.0,11.0,,,,
56600,5897.0,0.0,6235443,K72480WW,6.23,72.0,,K72480WW,4.9,3.0,,,,
56603,8363.0,0.0,1403692,K72339EU,8.83,32.0,,K72339EU,5.7,20.0,,,,
56608,5897.0,0.0,2504872,L22801A,6.23,5.0,,L22801A,6.3,12.0,,,,
56609,9531.0,0.0,6235438,K63727ES,10.06,140.0,,K63727ES,9.0,20.0,,,,
56610,20856.0,0.0,6811853,K75409ES,22.02,15.0,,K75409ES,23.3,20.0,,,,
56612,29799.0,0.0,6812850,K72485ES,31.46,18.0,,K72485ES,32.5,20.0,,,,
56632,125392.0,0.0,4958281,AIR-PWRINJ6=,137.04,1.0,,AIR-PWRINJ6=,147.5,4.0,,,,
56662,2688265.0,0.0,6808659,D5BM4LT#ABM,2865.3,2.0,,D5BM4LT#ABM,3040.0,16.0,,,,
56663,2291626.0,0.0,6808660,D5BK2LT#ABM,2251.5,7.0,,D5BK2LT#ABM,2537.3,6.0,,,,
56716,978258.0,0.0,6788479,21U3000NCL,1032.8,236.0,,21U3000NCL,1037.4,20.0,,,,
56756,808680.0,0.0,6581695,90NX08L1-M00CC0,970.95,98.0,,90NX08L1-M00CC0,938.3,20.0,,,,
56757,827080.0,0.0,6737883,90PT03W6-M02X40,1041.5,129.0,,90PT03W6-M02X40,1052.3,20.0,,,,
56777,1056519.0,0.0,6737886,90PT03W6-M02X30,1120.0,67.0,,90PT03W6-M02X30,1085.1,20.0,,,,
56778,1003570.0,0.0,6826052,21UY00GKCL,1084.9,203.0,,21UY00GKCL,1124.9,20.0,,,,
56780,763442.0,0.0,6737887,90PF05E1-M001H0,853.21,12.0,,90PF05E1-M001H0,826.02,10.0,,,,
56800,121376.0,0.0,6783839,C31CL45002,126.78,14.0,100020554,C31CL45002,126.2,18.0,,,,
56807,50400.0,0.0,6113514,TN219BK,52.11,32.0,,TN219BK,52.2,3.0,,,,
56808,52200.0,0.0,6113895,TN219C,53.99,59.0,,TN219C,54.1,20.0,,,,
56817,1594691.0,0.0,6788482,21RM003FCL,1762.1,3.0,,21RM003FCL,1768.3,20.0,,,,
56818,1541695.0,0.0,6788477,21TB004HCL,1703.5,30.0,,21TB004HCL,2129.3,20.0,,,,
56819,975300.0,0.0,6632466,90PF05E1-M000J0,1107.2,9.0,,90PF05E1-M000J0,1046.4,20.0,,,,
56820,924856.0,0.0,6737876,90NX0971-M00H10,1050.4,68.0,,90NX0971-M00H10,1005.4,3.0,,,,
56823,692805.0,0.0,6822521,82YT013DCL,765.53,96.0,,82YT013DCL,793.3,20.0,,,,
56847,2230992.0,0.0,6789846,90PF05F1-M00CA0,2478.9,8.0,,90PF05F1-M00CA0,2433.9,17.0,,,,
56848,702756.0,0.0,6737879,90NX0871-M01LL0,801.87,31.0,,90NX0871-M01LL0,770.49,20.0,,,,
56870,52925.0,0.0,6810601,VA220A-H,55.81,634.0,,VA220A-H,58.4,20.0,,,,
56903,4585965.0,0.0,6772784,P86721-DM5,4957.8,9.0,,P86721-DM5,5330.5,4.0,,,,
56904,3258498.0,0.0,6772811,P86723-DM5,3522.7,14.0,,P86723-DM5,3468.3,2.0,,,,
56905,2703128.0,0.0,6753134,P86708-DM5,2922.3,28.0,,P86708-DM5,4584.4,20.0,,,,
56915,314639.0,0.0,6785174,90RC0131-M0AAY0,313.92,44.0,,90RC0131-M0AAY0,315.6,20.0,,,,
56926,665437.0,0.0,6343103,BX80768285K,619.35,14.0,,BX80768285K,707.2,20.0,,,,
56947,8682.0,0.0,4360475,CBL-TC5X-USBC2A-01,9.66,37.0,100002342,CBL-TC5X-USBC2A-01,9.7,20.0,,,,
57041,1000000.0,5.0,6783818,LS32FM902SLXZS,982.95,7.0,,LS32FM902SLXZS,1052.5,5.0,,,,
57126,806251.0,0.0,6737880,90NX0971-M00H20,858.07,69.0,,90NX0971-M00H20,882.86,20.0,,,,
57128,423242.0,0.0,6789835,90PF05A1-M00MV0,446.75,54.0,,90PF05A1-M00MV0,422.78,20.0,,,,
57188,143463.0,0.0,3713085,TN419Y,153.05,134.0,,TN419Y,154.3,20.0,,,,
57218,2319268.0,0.0,6789843,90NX09J2-M00XJ0,2507.5,19.0,,90NX09J2-M00XJ0,2480.5,15.0,,,,
57227,1318818.0,0.0,6822523,21SY002RCL,1361.8,212.0,,21SY002RCL,1410.5,20.0,,,,
57305,156000.0,0.0,6783815,LS32FM501ELXZS,167.41,55.0,,LS32FM501ELXZS,166.9,20.0,,,,
57339,314817.0,0.0,6764224,WDS100T5B0E,333.14,90.0,,WDS100T5B0E,161.9,20.0,,,,
57345,292251.0,0.0,6343100,BX80768265KF,309.26,24.0,,BX80768265KF,347.5,11.0,,,,
57379,316481.0,0.0,4934763,C11CH43303,339.62,3.0,,C11CH43303,332.8,3.0,,,,
57385,1666886.0,0.0,6293059,C11CF12201,1801.9,1.0,,C11CF12201,1752.7,1.0,,,,
57395,410697.0,0.0,5217792,P28586-B21,459.8,14.0,,P28586-B21,434.6,15.0,,,,
