pcf_id,ingram_part,description,vendor_name,vendor_part,customer_price,available_qty,category,subcategory,api_status,mayorista,lista,stock_pcf,stock_raw,nombre_pcf,precio_normal,precio_oferta,ficha_vacia,stock_detail,error,catalog_provider,solotodo_id,pcf_price,min_price,mode_price,mean_price
57816,ACC-0316,ACER Urban Sleeve,nan,GP.BAG11.02J,14990.0,81,Accesorios,Hardware,ok,True,1,1,1,"Maletín para Notebook 15,6"" GP.BAG11.02J",0,0,False,{},,acer,,,,,
57840,PNR-1001,A14-52MT-59PE-1/NOTEBOOK ACER,Acer,NX.JDJAL.003.1,625202.0,68,Equipos,Hardware,ok,True,1,50,+50,"Notebook Aspire Intel Core Ultra 5 226V Intel Arc 130V 14"" 16GB RAM 512GB SSD Windows 11 Home",0,0,False,{},,acer,,,,,
58041,PNR-1049,AL15-41P-R0ZY-4/NOTEBOOK ACER,Acer,NX.DAKAL.002.4,438648.0,27,Equipos,Hardware,ok,True,1,17,17,"Notebook Aspire Lite AMD Ryzen 7 15.6"" FHD 8GB 512GB SSD ",0,0,False,{},,acer,407330,,549990,,549990
57841,PNR-1010,AL14-31P-31TH-2/NOTEBOOK ACER,Acer,NX.D45AL.002.2,320412.0,670,Equipos,Hardware,ok,True,1,100,+100,"Notebook Aspire Lite Intel Core i3 14"" 8GB RAM 512GB SSD Windows 11 Home",0,0,False,{},,acer,,,,,
57848,PNR-1063,AL16-53P-578Y-3/NOTEBOOK ACER,Acer,NX.J8AAL.001.3,429824.0,99,Equipos,Hardware,ok,True,1,50,+50,"Notebook IA Aspire Lite Intel Core Ultra 5 16"" 8GB RAM 512GB SSD Windows 11 Home",0,0,False,{},,acer,391084,,526990,529990,534240
57849,PNR-1064,ANV15-41-R6HJ-1/NOTEBOOK ACER,Acer,NH.QPFAL.00D.1,605034.0,25,Equipos,Hardware,ok,True,1,24,24,"Notebook Gamer Nitro V15 AMD Ryzen 5 7535HS NVIDIA GeForce RTX 3050 15.6"" 8GB RAM 512GB SSD Windows 11 Home",0,0,False,{},,acer,409759,,779990,,779990
57850,PNR-1074,ANV15-52-51Z7-1/NOTEBOOK ACER,Acer,NH.QUBAL.002.1,598732.0,6,Equipos,Hardware,ok,True,1,5,5,"Notebook Gamer Nitro V15 Intel Core 5 NVIDIA GeForce RTX 3050 15.6"" 16GB RAM 512GB SSD Windows 11 Home",0,0,False,{},,acer,401550,,769990,,769990
58141,PNR-1082,AL15-46P-R7M1-2/NOTEBOOK ACER,Acer,NX.JXLAL.002.2,311337.0,232,Equipos,Hardware,ok,True,1,100,+100,"Notebook Aspire Lite AMD Ryzen 3 5400U 15.6"" 8GB RAM 256GB SSD Windows 11 Home",0,0,False,{},,acer,401541,,379990,379990,382490
58219,PNR-1093,AL15-410P-R9ND-1,Acer,NX.X0RAL.007.1,414194.0,238,Equipos,Hardware,ok,True,1,100,+100,"Notebook Aspire Lite AMD Ryzen 5 3500U 15.6"" 8GB RAM 512GB SSD Windows 11 Home",0,0,False,{},,acer,404377,,479990,,499990
58165,PNR-1095,AL15-410P-R9ND-3,Acer,NX.X0RAL.007.3,453269.0,91,Equipos,Hardware,ok,True,1,50,+50,"Notebook Aspire Lite AMD Ryzen 5 3500U AMD Radeon Vega 8 15.6"" 16GB RAM 512GB SSD Windows 11 Home",0,0,False,{},,acer,404374,,529990,,549990
58225,PNR-1100,APRO15-41P-R562-1,Acer,NX.DK9AL.002.1,582345.0,35,Equipos,Hardware,ok,True,1,30,+30,"Notebook Aspire Pro AMD Ryzen 7 7730U 15.6"" 8GB RAM 512GB SSD Windows 11 Home",0,0,False,{},,acer,,,,,
58167,PNR-1102,APRO15-41P-R562-3,Acer,NX.DK9AL.002.3,642850.0,55,Equipos,Hardware,ok,True,1,50,+50,"Notebook Aspire Pro AMD Ryzen 7 7730U 15.6"" 16GB RAM 512GB SSD Windows 11 Home",0,0,False,{},,acer,,,,,
58168,PNR-1104,AG15-72P-951Q-1,Acer,NX.JPEAL.004.1,742429.0,79,Equipos,Hardware,ok,True,1,50,+50,"Notebook Aspire Go 15 Intel Core i9-13900H 15.6"" 16GB RAM 512GB SSD Windows 11 Home",0,0,False,{},,acer,410254,,929990,,939990
58169,PTM-0149,"31.5"" Curved 1080P 180Hz Freesync",Acer,MM.TJNAA.006,156295.0,12,Equipos,Hardware,ok,True,1,11,11,"Monitor Gamer Curvo Acer ED320QR 31.5"" FHD 180Hz 1ms VRB FreeSync Premium",0,0,False,{},,acer,236577,,199990,199990,209732
58170,PTM-0163,VG270 M3BMIIPX,Acer,MM.TEGAA.007,109404.0,7,Equipos,Hardware,ok,True,1,6,6,"Monitor Gamer Acer Nitro VG270 27"" FHD 180Hz 0.5ms IPS FreeSync Premium",0,0,False,{},,acer,257632,,139990,149990,159052
58220,PTM-0166,XZ320Q X2BMIIPHX,Acer,MM.TWTAA.005,302513.0,8,Equipos,Hardware,ok,True,1,8,8,"Monitor Gamer Curvo Acer XZ320Q 31.5"" FHD 240Hz 1ms VRB FreeSync Premium",0,0,False,{},,acer,354901,,379990,,389990
58069,PTM-0168,KB272 EBI,Acer,MM.V5BAA.001,86967.0,34,Equipos,Hardware,ok,True,1,30,+30,"Monitor LCD - 27"" - 1920 x 1080 - HDMI / VGA - Black - 100 Hz KB272",0,0,False,{},,acer,257894,,99990,,112801
58221,PTM-0167,EDA320Q PBIIPX,Acer,MM.V0NAA.001,166379.0,13,Equipos,Hardware,ok,True,1,13,13,"Monitor Gamer Curvo Acer Nitro EDA320Q 31.5"" FHD 180Hz 1ms VRB FreeSync Premium",0,0,False,{},,acer,257896,,209760,239990,224932
58222,PTM-0174,KG271 X1biip,Acer,MM.TXCAA.006,113438.0,65,Equipos,Hardware,ok,True,1,50,+50,"Monitor Gamer Acer KG271 27"" FHD 200Hz 0.5ms IPS",0,0,False,{},,acer,410288,,149990,,149990
58070,PTM-0169,KG241Y SBIIP,Acer,MM.TUUAA.001,89866.0,106,Equipos,Hardware,ok,True,1,100,+100,"Monitor LCD - 23.8"" - 1920 x 1080 - HDMI / DisplayPort - Black - 180 Hz Nitro KG241Y",0,0,False,{},,acer,257893,,109990,109990,122744
