pcf_id,ingram_part,description,vendor_name,vendor_part,customer_price,available_qty,category,subcategory,api_status,mayorista,lista,stock_pcf,stock_raw,nombre_pcf,precio_normal,precio_oferta,ficha_vacia,stock_detail,error,catalog_provider
55819,100001815.0,Zebra DS2278 - Standard Range (SR) - escáner de código de barras - PDA - creador de imágenes 2D - 762 mm / segundo - descodificado - Bluetooth 4.0,Zebra,DS2278-SR7U2100PRW,150.8,50,Escáneres de Código de Barras,Physical,ok,True,1,50,+50,Lector de Barra DS2278,0,0,False,{},,ingram
38655,100002242.0,"Zebra ZD510-HC - Impresora de etiquetas - térmica directa - Rollo (3,02 cm) - 300 ppp - hasta 102 mm/segundo - USB 2.0, LAN, host USB",Zebra,ZD51013-D01E00FZ,427.5,28,Impresoras para Recibos,Physical,ok,True,1,21,21,Rotuladora Etiquetadora de pulseras ZD510-HC,0,0,False,{},,ingram
55820,100002589.0,Zebra DS4608-SR - USB Kit - escáner de código de barras - PDA - creador de imágenes 2D - descodificado - USB,Zebra,DS4608-SR7U2100SGW,138.2,26,Escáneres de Código de Barras,Physical,ok,True,1,28,28,Lector de Barra DS4608-SR,0,0,False,{},,ingram
55825,100002551.0,"ZEBRA ZD230 Thermal Transfer Printer (74/300M); Standard EZPL, 203 dpi, US Power Cord, USB, Ethernet",Zebra,ZD23042-301C00EZ,267.3,50,Impresoras para Recibos,Physical,ok,True,1,100,+100,Impresora POS ZD230,0,0,False,{},,ingram
55365,100002614.0,Zebra DS9308SR BLK 2D USB KIT DS9308SR00004ZZWW ALAMBRICO,Zebra,DS9308-SR4U2100AZW,133.6,1,Escáneres de Código de Barras,Physical,ok,True,1,50,+50,Lector de Barra DS9308,0,0,False,{},,ingram
55364,100015605.0,ZEBRA ZD421Thermal Transfer Printer (74/300M) 203 dpi USB USB Host Modular Connectivity Slot BTLE5 US Cord Swiss Font EZPL - 6 inches/152 mm,Zebra,ZD4A042-301M00EZ,316.1,50,Impresoras para Recibos,Physical,ok,True,1,20,20,Impresora de Etiquetas ZD421,0,0,False,{},,ingram
55822,100016880.0,"ZEBRA ZT231 TT Printer ; 4"", 203 dpi, Thermal Transfer, Tear, US Cord, USB, Serial, Ethernet, BTLE, USB Host, EZPL",Zebra,ZT23142-T01000FZ,721.8,3,Impresoras para Recibos,Physical,ok,True,1,30,+30,Impresora POS ZT231,0,0,False,{},,ingram
50265,nan,Kensington ClickSafe 2.0 Universal Keyed Laptop Lock - Bloqueo de cable de seguridad - 1.8 m,Kensington,K68102WW,30.9,13,Cables,Physical,ok,True,1,23,23,Candado ClickSafe® 2.0 Universal 3 en 1,0,0,False,{},,ingram
56170,nan,ASUS - TUF GAMING LC III 360 ARGB LCD,ASUS,90RC01A1-B0AAY0,137.5,50,Ventiladores y Sistemas de Enfriamiento,Physical,ok,True,1,5,5,Refrigeración Líquida TUF Gaming LC III 360 ARGB LCD,0,0,False,{},,ingram
51033,nan,Kensington - MicroSaver®2.0 - Candado con llave - Candado de doble cabezal - Llaves entregadas: 2 piezas - Largo: 2.40 mts - Conectividad T Bar - Color: negro. plata,Kensington,K65048WW,32.2,20,Seguridad,Physical,ok,True,1,4,4,"Cable MicroSaver® 2.0 Twin para notebook 2,4mts",0,0,False,{},,ingram
52199,nan,Kensington Slim NanoSaver 2.0 Keyed Laptop Lock - Bloqueo de cable de seguridad - 1.8 m,Kensington,K65021WW,19.6,50,Seguridad,Physical,ok,True,1,100,+100,Cable de Seguridad NanoSaver™ SLIM para ultrabook 2.0,0,0,False,{},,ingram
52200,nan,Kensington Slim NanoSaver 2.0 Portable Keyed Laptop Lock - Bloqueo de cable de seguridad - 1.8 m,Kensington,K65025WW,20.7,50,Seguridad,Physical,ok,True,1,100,+100,Cable de Seguridad NanoSaver™ SLIM portátil para ultrabook 2.0,0,0,False,{},,ingram
55148,nan,"Lenovo ThinkPad Universal USB-C Dock - Estación de conexión - USB-C - HDMI, 2 x DP - 1GbE - 90 vatios - CRU - Italia, Chile",Lenovo,40AY0090IT,165.1,50,Accesorios para Portátiles,Physical,ok,True,1,100,+100,Docking Station ThinkPad USB-C ,0,0,False,{},,ingram
55811,nan,Lenovo - Keyboard and mouse pad,Lenovo,4X31S04857,37.6,50,Combos de Teclado y Ratón,Physical,ok,True,1,17,17,Combo Teclado + Mouse Inalámbrico Multi-Mode Pro 6000 - Negro,0,0,False,{},,ingram
19884,nan,"Kensington LS150 - Mochila para transporte de portátil - 15.6"" - negro",Kensington,K62617WW,18.0,7,Mochilas,Physical,ok,True,1,19,19,"Mochila para Notebook Campus 15.6"" - Negro  ",0,0,False,{},,ingram
53355,nan,"Kensington SmartFit Easy Riser - Almohadilla refrigerante para portátil - 14"" - negro",Kensington,K50423WW,12.3,50,Accesorios para Portátiles,Physical,ok,True,1,28,28,"Base para Notebook Easy Riser SmartFit 2.0 hasta 14"" - Negro",0,0,False,{},,ingram
56090,nan,Dell - Docking station - Docking station adapter - WD25 2xDP 1xHDMI 1xUSB-C 4xUSB,Dell,DELL-WD25,166.6,50,Accesorios para Portátiles,Physical,ok,True,1,100,+100,Docking Pro - WD25,0,0,False,{},,ingram
42553,nan,"Epson T555 - Photo Negro - original - recarga de tinta - para EcoTank L8160, L8180",Epson,T555120-AL,17.7,50,Cartuchos de Toner e Ink-Jet,Physical,ok,True,1,100,+100,Botella de Tinta Original Epson T555120-AL Negro Fotográfico,0,0,False,{},,ingram
42552,nan,"Epson T554 - Negro - original - recarga de tinta - para EcoTank L8160, L8180",Epson,T554120-AL,17.7,50,Cartuchos de Toner e Ink-Jet,Physical,ok,True,1,100,+100,Botella de Tinta Original Epson T554120-AL Negro Pigmentado,0,0,False,{},,ingram
42554,nan,"Epson T555 - Cián - original - recarga de tinta - para EcoTank L8160, L8180",Epson,T555220-AL,17.7,50,Cartuchos de Toner e Ink-Jet,Physical,ok,True,1,100,+100,Botella de Tinta Original Epson T555220-AL Cyan,0,0,False,{},,ingram
42556,nan,"Epson T555 - Amarillo - original - recarga de tinta - para EcoTank L8160, L8180",Epson,T555420-AL,17.7,50,Cartuchos de Toner e Ink-Jet,Physical,ok,True,1,100,+100,Botella de Tinta Original Epson T555420-AL Amarillo,0,0,False,{},,ingram
42557,nan,"Epson T555 - Gris foto - original - recarga de tinta - para EcoTank L8160, L8180",Epson,T555520-AL,17.7,40,Cartuchos de Toner e Ink-Jet,Physical,ok,True,1,100,+100,Botella de Tinta Original Epson T555520-AL Gris,0,0,False,{},,ingram
42555,nan,"Epson T555 - Magenta - original - recarga de tinta - para EcoTank L8160, L8180",Epson,T555320-AL,17.7,47,Cartuchos de Toner e Ink-Jet,Physical,ok,True,1,100,+100,Botella de Tinta Original Epson T555320-AL Magenta,0,0,False,{},,ingram
45374,nan,Epson - T664520-4 - Ink tank - Color - Pack full set L120 L,Epson,T664520-4P,25.2,50,Cartuchos de Toner e Ink-Jet,Physical,ok,True,1,100,+100,Pack 4 Botellas de Tinta Original Epson T664520-4P Colores,0,0,False,{},,ingram
20552,nan,"Brother BT6001BK - Súper Alto Rendimiento - negro - original - recarga de tinta - para Brother DCP-T300, MFC-T800W",Brother,BT6001BK,7.5,50,Cartuchos de Toner e Ink-Jet,Physical,ok,True,1,100,+100,Botella de Tinta Original Brother BT6001BK Negro,0,0,False,{},,ingram
25233,nan,"Brother LC3017M - XL - magenta - original - cartucho de tinta - para Brother MFC-J5330DW, MFC-J6530DW; Business Smart Pro MFC-J6930DW",Brother,LC3017M,11.1,35,Cartuchos de Toner e Ink-Jet,Physical,ok,True,1,30,+30,Cartucho de Tinta Original Brother LC3017 Magenta,0,0,False,{},,ingram
25232,nan,"Brother LC3017C - XL - cián - original - cartucho de tinta - para Brother MFC-J5330DW, MFC-J6530DW; Business Smart Pro MFC-J6930DW",Brother,LC3017C,10.8,7,Cartuchos de Toner e Ink-Jet,Physical,ok,True,1,30,+30,Cartucho de Tinta Original Brother LC3017 Cyan ,0,0,False,{},,ingram
25231,nan,"Brother LC3017BK XL - Alto rendimiento - negro - original - cartucho de tinta - para Brother MFC-J5330DW, MFC-J6530DW; Business Smart Pro MFC-J6930DW",Brother,LC3017BK,16.1,24,Cartuchos de Toner e Ink-Jet,Physical,ok,True,1,50,+50,Cartucho de Tinta Original Brother LC3017 Negro,0,0,False,{},,ingram
45884,nan,"Brother LC402BK - Negro - original - cartucho de tinta - para Brother MFC-J5340DW, MFC-J6540DW, MFC-J6940DW",Brother,LC402BKS,16.2,50,Cartuchos de Toner e Ink-Jet,Physical,ok,True,1,100,+100,Cartucho de Tinta Original Brother LC402BKS Negro,0,0,False,{},,ingram
53200,nan,Brother - BTD100BK2PK - Ink Bottle - Black - Pack 2 bottles,Brother,BTD100BK2PK,13.0,1,Cartuchos de Toner e Ink-Jet,Physical,ok,True,1,50,+50,Pack 2 Botellas de Tinta Original Brother BTD100BK2PK Negro,0,0,False,{},,ingram
53201,nan,"Brother - BTD100CMYK - Ink Bottle - Color (cyan, magenta, yellow, black) - Pack of 4 bottles",Brother,BTD100CMYK,23.3,50,Cartuchos de Toner e Ink-Jet,Physical,ok,True,1,100,+100,	Pack 4 Botellas de Tinta Original Brother BTD100CMYK 4 Colores,0,0,False,{},,ingram
13207,nan,"Epson T673 - Amarillo - original - recarga de tinta - para Epson L1800, L800, L805, L810, L850; EcoTank L1800",Epson,T673420-AL,10.6,32,Cartuchos de Toner e Ink-Jet,Physical,ok,True,1,100,+100,Botella de Tinta Original Epson T673420-AL Amarillo ,0,0,False,{},,ingram
13205,nan,"Epson T673 - Cián claro - original - recarga de tinta - para Epson L1800, L800, L805, L810, L850; EcoTank L1800",Epson,T673520-AL,10.6,50,Cartuchos de Toner e Ink-Jet,Physical,ok,True,1,50,+50,Botella de Tinta Original Epson  T673520-AL Cyan Claro,0,0,False,{},,ingram
17308,nan,"Epson T7741 - 140 ml - negro - original - recarga de tinta - para Epson L1455, L605, L655, M100; EcoTank ET-4550, L1455, L606; WorkForce ET-16500, ET-4550",Epson,T774120-AL,16.7,50,Cartuchos de Toner e Ink-Jet,Physical,ok,True,1,100,+100,Botella de Tinta Original Epson T774120-AL Negro,0,0,False,{},,ingram
12952,nan,"Epson T664 - Magenta - original - cartucho de tinta - para Epson L380, L386, L395, L495; EcoTank ET-2600, 2650, L1455, L396, L606, L656",Epson,T664320-AL,6.7,50,Cartuchos de Toner e Ink-Jet,Physical,ok,True,1,100,+100,Botella de Tinta Original Epson T664320-AL Magenta ,0,0,False,{},,ingram
12951,nan,"Epson T664 - Cián - original - recarga de tinta - para Epson L380, L386, L395, L495; EcoTank ET-2600, 2650, L1455, L396, L606, L656",Epson,T664220-AL,6.7,50,Cartuchos de Toner e Ink-Jet,Physical,ok,True,1,100,+100,Botella de Tinta Original Epson T664220-AL Cyan ,0,0,False,{},,ingram
12956,nan,"Epson T664 - Amarillo - original - recarga de tinta - para Epson L380, L386, L395, L495; EcoTank ET-2600, 2650, L1455, L396, L606, L656",Epson,T664420-AL,6.7,50,Cartuchos de Toner e Ink-Jet,Physical,ok,True,1,100,+100,Botella de Tinta Original Epson T664420-AL Amarillo ,0,0,False,{},,ingram
32648,nan,"Epson 748XXL - XL - Negro - original - blíster con alarmas de RF/acústica - cartucho de tinta - para WorkForce Pro WF-6090, WF-8090, WF-8590",Epson,T748XXL120-AL,42.6,50,Cartuchos de Toner e Ink-Jet,Physical,ok,True,1,50,+50,Cartucho de Tinta Original Epson T748XXL120-AL Negro,0,0,False,{},,ingram
32649,nan,"Epson 748XXL - XL - cián - original - blíster con alarmas de RF/acústica - cartucho de tinta - para WorkForce Pro WF-6090, WF-6590, WF-8090, WF-8090 D3TWC, WF-8590, WF-8590 D3TWFC",Epson,T748XXL220-AL,53.9,50,Cartuchos de Toner e Ink-Jet,Physical,ok,True,1,50,+50,Cartucho de Tinta Original Epson T748XXL220-AL Cyan,0,0,False,{},,ingram
34020,nan,Epson - Ink cartridge - Cyan - T941220-AL,Epson,T941220-AL,39.4,50,Cartuchos de Toner e Ink-Jet,Physical,ok,True,1,50,+50,Bolsa-Tinta Cyan T941,0,0,False,{},,ingram
34022,nan,Epson - Ink cartridge - Yellow - T941420-AL,Epson,T941420-AL,39.4,50,Cartuchos de Toner e Ink-Jet,Physical,ok,True,1,50,+50,Bolsa-Tinta Amarillo T941,0,0,False,{},,ingram
33411,nan,"Epson T40W - 80 ml - gran capacidad - negro - original - blíster con alarmas de RF/acústica - cartucho de tinta - para SureColor T2170, T3170, T3170M, T5170, T5170M",Epson,T40W120,45.2,50,Cartuchos de Toner e Ink-Jet,Physical,ok,True,1,50,+50,Tintas-Cartridge T40W120 Negro / 80ml,0,0,False,{},,ingram
33413,nan,"Epson T40W - 50 ml - gran capacidad - magenta - original - blíster con alarmas de RF/acústica - cartucho de tinta - para SureColor T2170, T3170, T3170M, T5170, T5170M",Epson,T40W320,32.7,50,Cartuchos de Toner e Ink-Jet,Physical,ok,True,1,50,+50,Cartucho de Tinta Original Epson T40W 320 Magenta / 50ml,0,0,False,{},,ingram
33412,nan,"Epson T40W - 50 ml - gran capacidad - cián - original - blíster con alarmas de RF/acústica - cartucho de tinta - para SureColor T2170, T3170, T3170M, T5170, T5170M",Epson,T40W220,32.7,50,Cartuchos de Toner e Ink-Jet,Physical,ok,True,1,50,+50,Cartucho de Tinta Original Epson T40W220 Cyan / 50ml,0,0,False,{},,ingram
33414,nan,"Epson T40W - 50 ml - gran capacidad - amarillo - original - blíster con alarmas de RF/acústica - cartucho de tinta - para SureColor T2170, T3170, T3170M, T5170, T5170M",Epson,T40W420,32.7,50,Cartuchos de Toner e Ink-Jet,Physical,ok,True,1,50,+50,Cartucho de Tinta Original Epson T40W420 Amarillo / 50ml,0,0,False,{},,ingram
34153,nan,"Epson - T534120-AL - 6,000 pag - Original - Negro - para Epson M1000, M1120, M1180, M2120, M2140, M2170, M3170, M3180",Epson,T534120-AL,13.2,50,Cartuchos de Toner e Ink-Jet,Physical,ok,True,1,100,+100,Botella de Tinta Original Epson T534120-AL Negro,0,0,False,{},,ingram
36562,nan,Epson - 206 - Ink cartridge - Cyan,Epson,T206220-AL,11.4,12,Cartuchos de Toner e Ink-Jet,Physical,ok,True,1,10,10,Cartucho de Tinta Original Epson T206220-AL Cyan,0,0,False,{},,ingram
54586,nan,Epson WorkForce - Ink cartridge - Black - C5310/90 & C5810/90,Epson,T11B120-AL,43.1,50,Cartuchos de Toner e Ink-Jet,Physical,ok,True,1,100,+100,Bolsa de Tinta Epson T11B120-AL XL Negro,0,0,False,{},,ingram
54589,nan,Epson WorkForce - Ink cartridge - C5310/90 & C5810/90,Epson,T11A320-AL,44.6,50,Cartuchos de Toner e Ink-Jet,Physical,ok,True,1,100,+100,Bolsa de Tinta Epson T11A320-AL Magenta,0,0,False,{},,ingram
54588,nan,Epson WorkForce - Ink cartridge - C5310/90& C5810/90,Epson,T11A220-AL,44.6,50,Cartuchos de Toner e Ink-Jet,Physical,ok,True,1,30,+30,Bolsa de Tinta Epson T11A220-AL Cyan,0,0,False,{},,ingram
54590,nan,"Epson WorkForce - Ink cartridge - C5310/90 & C5810/90,",Epson,T11A420-AL,44.6,50,Cartuchos de Toner e Ink-Jet,Physical,ok,True,1,100,+100,Bolsa de Tinta Epson T11A420-AL Amarilla,0,0,False,{},,ingram
49685,nan,Epson - T574520 - Ink refill - Yellow / Light cyan,Epson,T574520-AL,8.2,50,Cartuchos de Toner e Ink-Jet,Physical,ok,True,1,100,+100,Botella de Tinta Original Epson T574520-AL Cyan Claro,0,0,False,{},,ingram
49684,nan,Epson - T574420 - Ink refill - Yellow,Epson,T574420-AL,8.2,30,Cartuchos de Toner e Ink-Jet,Physical,ok,True,1,100,+100,Botella de Tinta Original Epson T574420-AL Amarillo,0,0,False,{},,ingram
49682,nan,Epson - T574220 - Ink refill - Cyan,Epson,T574220-AL,8.2,50,Cartuchos de Toner e Ink-Jet,Physical,ok,True,1,100,+100,Botella de Tinta Original Epson T574220-AL Cyan,0,0,False,{},,ingram
49683,nan,Epson - T574320 - Ink refill - Magenta,Epson,T574320-AL,8.2,47,Cartuchos de Toner e Ink-Jet,Physical,ok,True,1,100,+100,Botella de Tinta Original Epson T574320-AL Magenta,0,0,False,{},,ingram
9007,nan,"HP 122 - Negro - original - cartucho de tinta - para Deskjet 1010, 10XX J410, 1512, 2050 J510, 2050A J510, 2054A J510, 25XX, Envy 4502",HP,CH561HL,14.6,50,Cartuchos de Toner e Ink-Jet,Physical,ok,True,1,100,+100,Cartucho de Tinta Original HP 122  Negro ,0,0,False,{},,ingram
25593,nan,HP 904XL - 4 ml - Alto rendimiento - amarillo - original - cartucho de tinta - para Officejet 69XX; Officejet Pro 69XX,HP,T6M12AL,30.6,12,Cartuchos de Toner e Ink-Jet,Physical,ok,True,1,5,5,Cartucho de Tinta Original HP 904 XL Amarillo,0,0,False,{},,ingram
32857,nan,"HP 951XL - 17 ml - Alto rendimiento - magenta - original - cartucho de tinta - para Officejet Pro 251, 276, 8100, 8600, 8600 N911, 8610, 8615, 8616, 8620, 8625, 8630, 8640",HP,CN047AL,40.9,33,Cartuchos de Toner e Ink-Jet,Physical,ok,True,1,19,19,Cartucho de Tinta Original HP 951XL Magenta ,0,0,False,{},,ingram
9008,nan,"HP 122 - 1.5 ml - amarillo, cián, magenta - original - cartucho de tinta - para Deskjet 1000 J110, 10XX J410, 2050 J510, 2050A J510, 2054A J510, Ink Advantage 2060 K110",HP,CH562HL,17.4,50,Cartuchos de Toner e Ink-Jet,Physical,ok,True,1,100,+100,Cartucho de Tinta Original HP 122 Tricolor ,0,0,False,{},,ingram
32856,nan,"HP 951XL - 17 ml - Alto rendimiento - amarillo - original - cartucho de tinta - para Officejet Pro 251dw, 276dw, 8100, 8600, 8600 N911a, 8610, 8615, 8620, 8625, 8630",HP,CN048AL,41.1,17,Cartuchos de Toner e Ink-Jet,Physical,ok,True,1,24,24,Cartucho de Tinta Original HP 951XL Amarillo ,0,0,False,{},,ingram
11936,nan,"HP 670 - 14 ml - negro - original - Ink Advantage - cartucho de tinta - para Deskjet Ink Advantage 3525, Ink Advantage 46XX, Ink Advantage 5525, Ink Advantage 6525",HP,CZ113AL,11.7,22,Cartuchos de Toner e Ink-Jet,Physical,ok,True,1,50,+50,Cartucho de Tinta Original HP 670 Negro ,0,0,False,{},,ingram
12548,nan,"HP 662XL - Alto rendimiento - negro - original - Ink Advantage - cartucho de tinta - para Deskjet 1516, Ink Advantage 15XX, Ink Advantage 35XX, Ink Advantage 4645",HP,CZ105AL,25.2,50,Cartuchos de Toner e Ink-Jet,Physical,ok,True,1,100,+100,Cartucho de Tinta Original HP 662 XL Negro ,0,0,False,{},,ingram
11938,nan,"HP 670 - Cián - original - Ink Advantage - cartucho de tinta - para Deskjet Ink Advantage 3525, Ink Advantage 46XX, Ink Advantage 5525, Ink Advantage 6525",HP,CZ114AL,11.6,1,Cartuchos de Toner e Ink-Jet,Physical,ok,True,1,18,18,Cartucho de Tinta Original HP 670 Cyan ,0,0,False,{},,ingram
11939,nan,"HP 670 - Amarillo - original - Ink Advantage - cartucho de tinta - para Deskjet Ink Advantage 3525, Ink Advantage 46XX, Ink Advantage 5525, Ink Advantage 6525",HP,CZ116AL,11.5,4,Cartuchos de Toner e Ink-Jet,Physical,ok,True,1,30,+30,Cartucho de Tinta Original HP 670 Amarillo ,0,0,False,{},,ingram
11937,nan,"HP 670 - Magenta - original - Ink Advantage - cartucho de tinta - para Deskjet Ink Advantage 3525, Ink Advantage 46XX, Ink Advantage 5525, Ink Advantage 6525",HP,CZ115AL,11.7,1,Cartuchos de Toner e Ink-Jet,Physical,ok,True,1,50,+50,Cartucho de Tinta Original HP 670 Magenta ,0,0,False,{},,ingram
21140,nan,"HP 46 - Color (cian con base de tinte, magenta con base de tinte, amarillo con base de tinte) - original - Ink Advantage - cartucho de tinta - para Deskjet Ink Advantage Ultra 2529, Ink Advantage Ultra 4729",HP,CZ638AL,11.5,30,Cartuchos de Toner e Ink-Jet,Physical,ok,True,1,50,+50,Cartucho de Tinta Original HP 46 Tricolor ,0,0,False,{},,ingram
21091,nan,HP - Ink cartridge - Black 664,HP,F6V29AL,10.8,50,Cartuchos de Toner e Ink-Jet,Physical,ok,True,1,100,+100,Cartucho de Tinta Original HP 664 Negro ,0,0,False,{},,ingram
23815,nan,HP - 974X - Ink cartridge - Cyan,HP,L0R99AL,157.1,32,Cartuchos de Toner e Ink-Jet,Physical,ok,True,1,50,+50,Tintas-Cartridge L0R99AL Cyan 974 XL,0,0,False,{},,ingram
23809,nan,HP - 974X - Ink cartridge - Black,HP,L0S08AL,160.5,26,Cartuchos de Toner e Ink-Jet,Physical,ok,True,1,14,14,Tintas-Cartridge L0S08AL Negro 974 XL,0,0,False,{},,ingram
23817,nan,HP - 974X - Ink cartridge - Yellow,HP,L0S05AL,159.4,22,Cartuchos de Toner e Ink-Jet,Physical,ok,True,1,30,+30,Tintas-Cartridge L0S05AL Amarillo 974 XL,0,0,False,{},,ingram
23816,nan,HP - 974X - Ink cartridge - Magenta,HP,L0S02AL,157.1,5,Cartuchos de Toner e Ink-Jet,Physical,ok,True,1,30,+30,Tintas-Cartridge L0S02AL Magenta 974 XL,0,0,False,{},,ingram
34080,nan,HP - 964XL - Ink cartridge - Cyan,HP,3JA54AL,42.1,18,Cartuchos de Toner e Ink-Jet,Physical,ok,True,1,30,+30,Cartucho de Tinta Original HP 964 XL Cyan ,0,0,False,{},,ingram
34076,nan,HP - 964 - Ink cartridge - Cyan,HP,3JA50AL,24.2,37,Cartuchos de Toner e Ink-Jet,Physical,ok,True,1,100,+100,Cartucho de Tinta Original HP 964 Cyan ,0,0,False,{},,ingram
34078,nan,HP - 964 - Ink cartridge - Yellow,HP,3JA52AL,24.1,50,Cartuchos de Toner e Ink-Jet,Physical,ok,True,1,100,+100,Cartucho de Tinta Original HP 964 Amarillo ,0,0,False,{},,ingram
34077,nan,HP - 964 - Ink cartridge - Magenta,HP,3JA51AL,24.2,18,Cartuchos de Toner e Ink-Jet,Physical,ok,True,1,50,+50,Cartucho de Tinta Original HP 964 Magenta,0,0,False,{},,ingram
34081,nan,HP - 964XL - Ink cartridge - Magenta,HP,3JA55AL,42.1,10,Cartuchos de Toner e Ink-Jet,Physical,ok,True,1,50,+50,Cartucho de Tinta Original HP 964 XL Magenta ,0,0,False,{},,ingram
34082,nan,HP - 964XL - Ink cartridge - Yellow,HP,3JA56AL,42.1,42,Cartuchos de Toner e Ink-Jet,Physical,ok,True,1,30,+30,Cartucho de Tinta Original HP 964 XL Amarillo ,0,0,False,{},,ingram
40530,nan,HP - 667 - Ink cartridge - Black - 3YM79AL,HP,3YM79AL,10.5,50,Cartuchos de Toner e Ink-Jet,Physical,ok,True,1,100,+100,Cartucho de Tinta Original HP  667 Negro,0,0,False,{},,ingram
23811,nan,HP - 974a - Ink cartridge - Magenta - Pagewide,HP,L0R90AL,88.3,4,Cartuchos de Toner e Ink-Jet,Physical,ok,True,1,30,+30,Cartucho de Tinta Original HP 974 Magenta ,0,0,False,{},,ingram
32860,nan,"HP - 954xl - Ink cartridge - Cyan - 1,600 pages",HP,L0S62AL,49.0,48,Cartuchos de Toner e Ink-Jet,Physical,ok,True,1,50,+50,Cartucho de Tinta Original HP 954 XL Cyan ,0,0,False,{},,ingram
32862,nan,"HP - 954xl - Ink cartridge - Magenta - 1,600 pages",HP,L0S65AL,48.4,50,Cartuchos de Toner e Ink-Jet,Physical,ok,True,1,30,+30,Cartucho de Tinta Original HP 954 XL Magenta ,0,0,False,{},,ingram
23812,nan,HP - 974a - Ink cartridge - Yellow - Pagewide,HP,L0R93AL,89.0,12,Cartuchos de Toner e Ink-Jet,Physical,ok,True,1,30,+30,Cartucho de Tinta Original HP 974 Amarillo ,0,0,False,{},,ingram
23814,nan,HP - 974a - Ink cartridge - Black - Pagewide,HP,L0R96AL,78.9,40,Cartuchos de Toner e Ink-Jet,Physical,ok,True,1,30,+30,Cartucho de Tinta Original HP 974 Negro ,0,0,False,{},,ingram
16631,nan,"HP 83A - Negro - original - LaserJet - cartucho de tóner (CF283A) - para LaserJet Pro M201, M202, MFP M125, MFP M127, MFP M225",HP,CF283A,78.1,19,Cartuchos de Toner e Ink-Jet,Physical,ok,True,1,100,+100,Toner Original HP 83A LaserJet Negro  ,0,0,False,{},,ingram
22635,nan,"Brother TN3479 - Súper Alto Rendimiento - original - cartucho de tóner - para Brother DCP-L5650, HL-L5100, HL-L6400, MFC-L5900, MFC-L6700",Brother,TN3479,108.2,50,Cartuchos de Toner e Ink-Jet,Physical,ok,True,1,100,+100,Toner Original Brother TN-3479 Negro,0,0,False,{},,ingram
32719,nan,"Brother TN3499 - Ultra High Yield - original - cartucho de tóner - para Brother HL-L6400DW, HL-L6400DWT, HL-L6400DWTT, MFC-L6900DW, MFC-L6900DWT",Brother,TN3499,140.1,50,Cartuchos de Toner e Ink-Jet,Physical,ok,True,1,100,+100,Toner Original Brother TN-3499 Negro,0,0,False,{},,ingram
33810,nan,Brother TN - TN411M - Toner cartridge - Magenta,Brother,TN411M,54.3,50,Cartuchos de Toner e Ink-Jet,Physical,ok,True,1,50,+50,Toner Original Brother TN-411 Magenta,0,0,False,{},,ingram
33814,nan,Brother TN - TN419M - Toner cartridge - Magenta,Brother,TN419M,150.9,50,Cartuchos de Toner e Ink-Jet,Physical,ok,True,1,50,+50,Toner Original Brother TN-419 Magenta Alto rendimiento ,0,0,False,{},,ingram
33813,nan,Brother TN - TN419C - Toner cartridge - Cyan,Brother,TN419C,150.9,50,Cartuchos de Toner e Ink-Jet,Physical,ok,True,1,50,+50,Toner Original Brother TN-419 Cyan Alto rendimiento ,0,0,False,{},,ingram
51060,nan,Brother - TN3619 - Toner cartridge - Black,Brother,TN3619,163.1,50,Cartuchos de Toner e Ink-Jet,Physical,ok,True,1,100,+100,Toner Original Brother TN-3619 Negro,0,0,False,{},,ingram
51062,nan,Brother - DR3609 - Drum cartridge,Brother,DR3609,186.0,22,Cartuchos de Toner e Ink-Jet,Physical,ok,True,1,50,+50,Toner Original Brother DR-3609 Negro,0,0,False,{},,ingram
1205,nan,"HP 12A - Negro - original - LaserJet - cartucho de tóner (Q2612A) - para LaserJet 1010, 1012, 1015, 1018, 1020, 1022, 3015, 3020, 3030, 3050, 3052, 3055, M1005",HP,Q2612A,109.3,11,Cartuchos de Toner e Ink-Jet,Physical,ok,True,1,50,+50,Toner Original HP 12A LaserJet Negro,0,0,False,{},,ingram
46621,nan,"HP 305A - Amarillo - original - LaserJet - cartucho de tóner (CE412A) - para LaserJet Pro 300 M351, 400 M451, MFP M375, MFP M475",HP,CE412A,159.5,6,Cartuchos de Toner e Ink-Jet,Physical,ok,True,1,50,+50,Toner Original HP 305A Amarillo,0,0,False,{},,ingram
2511,nan,"HP 05A - Negro - original - LaserJet - cartucho de tóner (CE505A) - para LaserJet P2035, P2035n, P2055, P2055d, P2055dn, P2055x",HP,CE505A,118.1,7,Cartuchos de Toner e Ink-Jet,Physical,ok,True,1,30,+30,Toner Original HP 05A Negro,0,0,False,{},,ingram
1416,nan,"HP 35A - Negro - original - LaserJet - cartucho de tóner (CB435A) - para LaserJet P1005, P1006, P1007, P1008, P1009",HP,CB435A,90.1,24,Cartuchos de Toner e Ink-Jet,Physical,ok,True,1,50,+50,Toner Original HP 35A Negro,0,0,False,{},,ingram
12291,nan,"HP 80A - Negro - original - LaserJet - cartucho de tóner (CF280A) - para LaserJet Pro 400 M401, MFP M425",HP,CF280A,135.3,41,Cartuchos de Toner e Ink-Jet,Physical,ok,True,1,30,+30,Toner Original HP 80A Negro ,0,0,False,{},,ingram
33821,nan,"HP 410A - Magenta - original - LaserJet - cartucho de tóner (CF413A) - para Color LaserJet Pro M452, MFP M377, MFP M477",HP,CF413A,146.8,1,Cartuchos de Toner e Ink-Jet,Physical,ok,True,1,100,+100,Toner Original HP 410A LaserJet Magenta ,0,0,False,{},,ingram
33820,nan,"HP 410A - Negro - original - LaserJet - cartucho de tóner (CF410A) - para Color LaserJet Pro M452, MFP M377, MFP M477",HP,CF410A,114.2,6,Cartuchos de Toner e Ink-Jet,Physical,ok,True,1,100,+100,Toner Original HP 410A LaserJet Negro ,0,0,False,{},,ingram
33858,nan,"HP 410A - Amarillo - original - LaserJet - cartucho de tóner (CF412A) - para Color LaserJet Pro M452, MFP M377, MFP M477",HP,CF412A,146.8,6,Cartuchos de Toner e Ink-Jet,Physical,ok,True,1,100,+100,Toner Original HP 410A Amarillo ,0,0,False,{},,ingram
28955,nan,"HP 204A - Amarillo - original - LaserJet - cartucho de tóner (CF512A) - para Color LaserJet Pro M154a, M154nw, MFP M180n, MFP M180nw",HP,CF512A,68.8,8,Cartuchos de Toner e Ink-Jet,Physical,ok,True,1,17,17,Toner Original HP 204A Amarillo ,0,0,False,{},,ingram
28954,nan,"HP 204A - Cián - original - LaserJet - cartucho de tóner (CF511A) - para Color LaserJet Pro M154a, M154nw, MFP M180n, MFP M180nw",HP,CF511A,68.8,10,Cartuchos de Toner e Ink-Jet,Physical,ok,True,1,9,9,Toner Original HP 204A LaserJet Cyan ,0,0,False,{},,ingram
35077,nan,"HP 103A Reload Kit - Negro - recarga de tóner - para Neverstop 1001; Neverstop Laser 1000, MFP 1200",HP,W1103A,11.7,50,Cartuchos de Toner e Ink-Jet,Physical,ok,True,1,100,+100,Kit de recarga de Tóner Original HP Laser 103A Negro,0,0,False,{},,ingram
44533,nan,Intel Core i5 12400 - 2.5 GHz - 6 núcleos - 12 hilos - 18 MB caché - LGA1700 Socket - Caja,Intel,BX8071512400,230.8,50,Procesadores,Physical,ok,True,1,100,+100,CPU Intel Core i5-12400 (s1700),0,0,False,{},,ingram
55259,nan,Intel - Core Ultra 5 245KF - 4.2 GHz - 14-core - LGA1851,Intel,BX80768245KF,223.8,39,Procesadores,Physical,ok,True,1,100,+100,CPU Intel Core Ultra 5-245KF (s1851),0,0,False,{},,ingram
55257,nan,Intel - Core Ultra 5 245K - 4.2 GHz - 14-core - LGA1851,Intel,BX80768245K,231.2,23,Procesadores,Physical,ok,True,1,30,+30,CPU Intel Core ULTRA5-245K (s1851),0,0,False,{},,ingram
55255,nan,Intel Core i7 12700F - 2.1 GHz - 12 núcleos - 20 hilos - 25 MB caché - LGA1700 Socket - Caja,Intel,BX8071512700F,371.5,13,Procesadores,Physical,ok,True,1,100,+100,CPU Intel Core i7-12700F 2.1GHz 25MB LGA1700 12C/20T,0,0,False,{},,ingram
51484,nan,Intel Core i7 i7-14700 - 2.1 GHz - 20 núcleos - 28 hilos - 33 MB caché - FCLGA1700 Socket - Caja,Intel,BX8071514700,408.9,50,Procesadores,Physical,ok,True,1,100,+100,CPU Intel Core i7-14700 (s1700),0,0,False,{},,ingram
50507,nan,Intel Core i7 i7-14700K - 3.4 GHz - 20 núcleos - 28 hilos - 33 MB caché - FCLGA1700 Socket - Caja,Intel,BX8071514700K,425.6,50,Procesadores,Physical,ok,True,1,100,+100,CPU Intel Core i7-14700K (s1700),0,0,False,{},,ingram
57772,nan,"Lenovo ThinkSystem - Internal hard drive - 480 GB - 2.5"" - Solid state drive - RI SATA HS v2",Lenovo,4XB7A90873,1428.7,10,Discos de Estado Sólido Internos,Physical,ok,True,1,10,10,THINKSYSTEM 2.5IN VA 480GB READ INTENSIV,0,0,False,{},,ingram
55244,nan,"HPE Mixed Use - SSD - 1.92 TB - hot-swap - 2.5"" SFF - SATA 6Gb/s - Multi Vendor - con HPE Basic Carrier - para ProLiant DL20 Gen10 Plus, DL325 Gen10 Plus, DL360 Gen10 Plus, DL385 Gen10 Plus, ML30 Gen10 Plus",HPE,P40504-B21,4459.2,3,Discos Duros Internos,Physical,ok,True,1,9,9,Disco Server HPE 1.92TB SATA MU SFF BC MV SSD,0,0,False,{},,ingram
55816,nan,Lenovo Essential - Ratón - diestro y zurdo - óptico - 3 botones - cableado - USB - negro,Lenovo,4Y50R20863,7.7,50,Ratones,Physical,ok,True,1,50,+50,Mouse Alámbrico Essential - Negro,0,0,False,{},,ingram
55805,nan,Lenovo - Keyboard and mouse set - Essential Wired Combo,Lenovo,4X31R64424,15.6,50,Combos de Teclado y Ratón,Physical,ok,True,1,1,1,Combo Teclado + Mouse Alámbrico Essential Wired - Negro,0,0,False,{},,ingram
56085,nan,Epson DS-870 - Escáner de documentos - USB 3.0 - 215.9 x 6096 mm -1200 ppp x,Epson,B11B250201,545.1,3,Escáneres,Physical,ok,True,1,2,2,Escaner Dúplex WorkForce DS-870,0,0,False,{},,ingram
55472,nan,Epson DS-790WN - Escáner de documentos - Sensor de imagen de contacto (CIS) - a dos caras - 215.9 x 6096 mm - 600 ppp x 600 ppp - hasta 45 ppm (mono) / hasta 45 ppm (color) - Alimentador automático de documentos (ADF) (100 hojas) - hasta 7000 exploracio,Epson,B11B265201,621.6,3,Escáneres,Physical,ok,True,1,9,9,Escaner ADF Ethernet WiFi DS-790WN,0,0,False,{},,ingram
56044,nan,"Lenovo ThinkVision P27QD-40 - WLED - 27"" - 2560 x 1440 - IPS - HDMI / DisplayPort / USB-C",Lenovo,64B3GAR2CL,278.8,37,Monitores,Physical,ok,True,1,2,2,MONITOR-HDMI 27 P27QD-40C25270QP0,0,0,False,{},,ingram
55832,nan,"Lenovo ThinkVision S24-4e - LCD monitor - 23.8"" - 1920 x 1080 - IPS - HDMI / VGA - Black",Lenovo,64B5KAR1CL,75.1,3,Monitores,Physical,ok,True,1,100,+100,"Monitor Lenovo ThinkVision 23.8"" S24-4E",0,0,False,{},,ingram
55541,nan,"Lenovo ThinkPad L14 Gen 6 - Notebook - 14"" - 1920 x 1200 LCD - AMD Ryzen 7 Pro 250 / 5.1 GHz - 16 GB - DDR5 SDRAM - 512 GB SSD - None - AMD Radeon 780M - Windows 11 Pro - Black - Spanish - 3-year warranty",Lenovo,21S9000NCL,1418.7,50,Portátiles,Physical,ok,True,1,50,+50,"Notebook ThinkPad L14 Gen 6 AMD Ryzen 7 PRO 250 14"" 16GB 512GB SSD Windows 11 Pro 21S9000NCL",0,0,False,{},,ingram
55571,nan,"Lenovo V14 G5 IRL - Notebook - 14"" - 1920 x 1080 LCD - Intel Core i5 13240H / 4.5 GHz - 8 GB - DDR5 SDRAM - 512 GB SSD - None - Intel HD Graphics - Windows 11 Pro - Black - Spanish - 1-year warranty",Lenovo,83GU0058CL,801.7,50,Portátiles,Physical,ok,True,1,30,+30,Notebook V14 G5 IRL 14″ FHD Intel Core i5-13420H 8GB RAM 512GB SSD W11P,0,0,False,{},,ingram
55935,nan,"Lenovo V14 G5 IRL - Notebook - 14"" - 1920 x 1080 LCD - Intel Core i7 I7-13620H / 4.7 GHz - 16 GB - DDR5 SDRAM - 512 GB SSD - None - Intel HD Graphics - Windows 11 Pro - Black - Spanish - 1-year warranty",Lenovo,83GU0057CL,953.1,50,Portátiles,Physical,ok,True,1,100,+100,Notebook V14 G5 Intel Core i7-13620H 16GB RAM 512GB SSD 14″ Windows 11 Pro,0,0,False,{},,ingram
55535,nan,"Lenovo ThinkPad T14 Gen 6 - Notebook - 14"" - 1920 x 1080 LCD - Intel Core Ultra 5 225U / 3.8 GHz - 16 GB - DDR5 SDRAM - 512 GB SSD - None - Intel HD Graphics - Windows 11 Pro - Black - Spanish - 1-year warranty",Lenovo,21QD001FCL,1496.7,50,Portátiles,Physical,ok,True,1,30,+30,"Notebook AI PC ThinkPad T14 Gen 6 Intel Ultra 5-225U 14"" 16GB 512GB SSD Windows 11 Pro 21QD001FCL",0,0,False,{},,ingram
55546,nan,"Lenovo ThinkPad X1 Carbon Gen 13 - Notebook - 14"" - 1920 x 1200 LCD - Touchscreen - Intel Core Ultra 7 225U / 5.1 GHz - 32 GB - DDR5 SDRAM - 1 TB SSD - None - Intel HD Graphics - Windows 11 Pro - Black - Spanish - 3-year warranty",Lenovo,21NY001DCL,2565.5,1,Portátiles,Physical,ok,True,1,9,9,"Notebook AI PC ThinkPad X1 Gen 13 Intel Ultra 7-255U 14"" 32GB 1TB SSD Windows 11 Pro 21NY001DCL",0,0,False,{},,ingram
55388,nan,"Lenovo ThinkPad T14s Gen 6 - Notebook - 14"" - 1920 x 1080 LCD - Intel Core Ultra 7 255U / 4.2 GHz - 32 GB - DDR5 SDRAM - 1 TB SSD - None - Intel HD Graphics - Windows 11 Pro - Black - Spanish - 1-year warranty",Lenovo,21R20014CL,2083.9,10,Portátiles,Physical,ok,True,1,50,+50,"Notebook AI PC Thinkpad T14S Gen 6 Intel Core Ultra 7-255U 14"" 32GB 1TB SSD Windows 11 Pro 21R20014CL",0,0,False,{},,ingram
55808,nan,"Lenovo ThinkPad E16 - Notebook - 15.6"" - 1980 x 1080 LCD - Intel Core Ultra 5 U5-225U / 2.5 GHz - 16 GB - DDR5 SDRAM - 512 GB SSD - None - Intel HD Graphics - Windows 11 Pro - Black - Spanish - 1-year warranty",Lenovo,21SS000LCL,1272.1,50,Portátiles,Physical,ok,True,1,16,16,"Notebook ThinkPad E16 Gen3 Intel Ultra 5-225U 16"" 16GB 512GB SSD Windows 11 Pro 21SS000LCL",0,0,False,{},,ingram
56778,nan,"Lenovo ThinkBook - Notebook - 14"" - 1980 x 1080 LCD - Intel Core 5 210H / 3.6 GHz - 16 GB - DDR5 SDRAM - 512 GB SSD - None - Intel HD Graphics - Windows 11 Pro - Black - Spanish - 1-year warranty",Lenovo,21UY00GKCL,1105.3,50,Portátiles,Physical,ok,True,1,100,+100,"Notebook ThinkBook 14 G9 IRL Intel Core 5 210H 14"" 16GB RAM 512GB SSD Windows 11 Pro",0,0,False,{},,ingram
56823,nan,"Lenovo V14 G4 AMN - Notebook - 14"" - 1980 x 1080 LCD - AMD Ryzen 5 7520U / 2.8 GHz - 8 GB - DDR4 SDRAM - 512 GB SSD - None - AMD Radeon 610M - Windows 11 Pro - Black - Spanish - 1-year warranty",Lenovo,82YT013DCL,777.4,50,Portátiles,Physical,ok,True,1,50,+50,"Notebook V14 G4 	AMD Ryzen 5 7520U 14"" 8GB RAM 512GB SSD Windows 11 Pro",0,0,False,{},,ingram
57662,nan,"Lenovo ThinkPad E14 - Notebook - 14"" - 1980 x 1080 LCD - Intel Core Ultra 5 225U / 3.8 GHz - 16 GB - DDR5 SDRAM - 512 GB SSD - None - Intel HD Graphics - Windows 11 Pro - Black - Spanish - 1-year warranty",Lenovo,21SY002QCL,1243.5,50,Portátiles,Physical,ok,True,1,50,+50,"Notebook ThinkPad E14 G7 14"" Intel Ultra 5 225U 16GB RAM 512GB SSD Windows 11 Pro",0,0,False,{},,ingram
56394,nan,"Dell Pro - Notebook - 14"" - Intel Core Ultra 5 235U / 4.9 GHz - 16 GB - DDR5 SDRAM - 512 GB SSD - None - Integrated Intel Graphics - Windows 11 Pro - Silver - Spanish - 3-year warranty",Dell,Y5C5C,1192.9,50,Portátiles,Physical,ok,True,1,100,+100,"Notebook Dell Pro Intel Core Ultra 5- 235U 14"" FHD 16GB 512GB SSD Windows 11 Pro",0,0,False,{},,ingram
54495,nan,"Dell Pro - Notebook - 14"" - Intel Core Ultra 7 255U / 5.2 GHz - 16 GB - DDR5 SDRAM - 512 GB - Integrated Intel Graphics - Windows 11 Pro - 3-year warranty",Dell,2HWN3,1355.5,50,Portátiles,Physical,ok,True,1,100,+100,"Notebook New Dell Pro Intel Core Ultra 7 255U 16GB RAM 512GB SSD 14"" FHD Windows 11 Pro",0,0,False,{},,ingram
56009,nan,"Dell - Notebook - 14"" - Intel Core Ultra 5 225U / 4.8 GHz - 16 GB - DDR5 SDRAM - 512 GB SSD - Integrated graphics",Dell,7XNFP,1200.6,50,Portátiles,Physical,ok,True,1,100,+100,"Notebook Dell Pro Intel Core Ultra 5-225U 14"" FHD 16GB 512GB Windows 11 Pro 7XNFP",0,0,False,{},,ingram
57607,nan,"ASUS PM5406CGA-NZ0097X - Notebook - 14"" - AMD Ryzen AI R9HX-470 / 5.2 GHz - DDR5 SDRAM - 32 GB - 1 TB - AMD Radeon - Windows 11 Pro",ASUS,90NX0AA1-M003J0,2011.8,33,Portátiles,Physical,ok,True,1,12,12,"Notebook ExpertBook P5 G2 14"" AMD Ryzen AI 9 HX 470 32GB RAM 1TB SSD Windows 11 Pro",0,0,False,{},,ingram
57590,nan,"ASUS PM5406CGA-SF0047X - Notebook - 14"" - AMD Ryzen AI R7-445 / 4.6 GHz - DDR5 SDRAM - 32 GB - 512 GB - AMD Radeon - Windows 11 Pro",ASUS,90NX0AA1-M001K0,1145.3,12,Portátiles,Physical,ok,True,1,26,26,"Notebook ExpertBook P5 G2 14"" AMD Ryzen AI 7 445 32GB RAM 512GB SSD Windows 11 Pro",0,0,False,{},,ingram
57748,nan,"ASUS B3405CCA-LY2028X - Notebook - 14"" - Intel Core Ultra 7 255H / 2.0 GHz - 16 GB - DDR5 SDRAM - 512 GB - Intel Graphics - Windows 11 Pro - 1-year warranty",ASUS,90NX08L1-M04790,1237.4,50,Portátiles,Physical,ok,True,1,50,+50,"Notebook ExpertBook B3 14"" Intel Ultra 7 255H 16GB RAM 512GB SSD Windows 11 Pro",0,0,False,{},,ingram
55241,nan,HPE - Server - Intel Xeon 3508U - ProLiant DL320 Gen11,HPE,P81425-DM5,6867.6,3,Servidores,Physical,ok,True,1,3,3,Server HPE PROLIANT DL320 GEN11 3508U 2.1GHZ 8C 1P 1X32GB R 4LFF 2X960GB SSD 1X800W PS LA SERVER,0,0,False,{},,ingram
56062,nan,HPE - Server - Rack-mountable - Intel Xeon Bronze 3508U / 2.1 GHz - 1.92 TB Hard Drive Capacity,HPE,P84098-DM5,6753.5,5,Servidores,Physical,ok,True,1,5,5,Server HPE ML110 G11 3508U 1X32G 4LFF SSD SVR,0,0,False,{},,ingram
56063,nan,HPE ProLiant ML110 Gen11 3508U 2.1GHz 8c 1P 1x32GB-R 4LFF 2x4TB HDD 1x500W PS LA Server,HPE,P84117-DM5,4591.7,5,Servidores,Physical,ok,True,1,1,1,Server HPE ML110 G11 3508U 1X32G 4LFF HDD SVR,0,0,False,{},,ingram
57765,nan,HPE - Server - Rack-mountable - Intel Xeon 6505P - 960 GB Hard Drive Capacity - P89085-DM5,HPE,P89085-DM5,9482.5,1,Servidores,Physical,ok,True,1,2,2,HPE PROLIANT COMPUTE ML350 GEN12 6505P 1,0,0,False,{},,ingram
57764,nan,HPE - Server - Rack-mountable - Intel Xeon 6505P - 960 GB Hard Drive Capacity - P89964-DM5,HPE,P89964-DM5,9631.7,1,Servidores,Physical,ok,True,1,2,2,HPE PROLIANT COMPUTE DL320 GEN12 6505P 1,0,0,False,{},,ingram
57766,nan,HPE - Server - Rack-mountable - Intel Xeon 6505P - 960 GB Hard Drive Capacity,HPE,P89960-DM5,8948.2,3,Servidores,Physical,ok,True,1,1,1,HPE PROLIANT COMPUTE DL320 GEN12 6505P 1,0,0,False,{},,ingram
54953,nan,"HPE Aruba AP-635 (RW) - Campus - punto de acceso inalámbrico - Wi-Fi 6E - ZigBee, Bluetooth - 2.4 GHz, 5 GHz, 6 GHz",HPE,R7J27A,564.8,3,Puntos de Acceso,Physical,ok,True,1,15,15,ARUBA AP-635 (RW) CAMPUS AP,0,0,False,{},,ingram
54949,nan,"HPE Aruba AP-515 (RW) - Punto de acceso inalámbrico - Bluetooth, Wi-Fi 6 - 2.4 GHz, 5 GHz - en el techo",HPE,Q9H62A,421.7,20,Puntos de Acceso,Physical,ok,True,1,30,+30,Aruba AP-515 (RW) Unified AP,0,0,False,{},,ingram
57763,nan,HPE - Server - Rack-mountable - Intel Xeon 6505P - 960 GB Hard Drive Capacity - P89961-DM5,HPE,P89961-DM5,10031.0,2,Servidores,Physical,ok,True,1,5,5,HPE PROLIANT COMPUTE DL340 GEN12 6505P 1,0,0,False,{},,ingram
54957,nan,"HPE Aruba AP-615 (RW) - Campus - punto de acceso inalámbrico - Wi-Fi 6E - 2.4 GHz, 5 GHz, 6 GHz",HPE,R7J49A,415.3,10,Puntos de Acceso,Physical,ok,True,1,18,18,ARUBA AP 615 RW CAMPUS AP,0,0,False,{},,ingram
56819,nan,ASUS - Desktop - Intel Core Ultra 7 265 / 2.4 GHz - DDR5 SDRAM - 1 TB Hard Drive Capacity - Intel UHD Graphics - Windows 11 Pro,ASUS,90PF05E1-M000J0,1179.0,3,Computadores de Mesa,Physical,ok,True,1,2,2,Desktop ExpertCenter D7 SFF Intel Ultra 7 265 16GB RAM 1TB SSD Windows 11 Pro,0,0,False,{},,ingram
56642,nan,Dell Pro Slim - Intel Core Ultra 5 235 vPro / 5.0 GHz - DDR5 SDRAM - 512 GB Hard Drive Capacity - Integrated graphics - Windows 11 Pro - Spanish,Dell,GFCMC,1098.8,50,Computadores de Mesa,Physical,ok,True,1,30,+30,Desktop Dell Pro Slim Intel Ultra 5 235 16GB RAM 512GB SSD Windows 11 Pro,0,0,False,{},,ingram
58234,nan,Lenovo ThinkCentre Neo 50q - Mini tower - Intel Core Ultra 7 256V / 4.8 GHz - DDR5 SDRAM - 512 GB Hard Drive Capacity - Intel HD Graphics - Windows 11 Pro - Spanish,Lenovo,13HR001XCS,1008.8,50,Computadores de Mesa,Physical,ok,True,1,9,9,Desktop ThinkCentre neo 50q Gen6 Intel Ultra 7 256V 16GB RAM 512GB SSD Windows 11 Pro,0,0,False,{},,ingram
30033,nan,"Brother QL-1110NWB - Impresora de etiquetas - térmica directa - Rollo (10,36 cm) - 300 x 300 ppp - hasta 110 mm/segundo - USB 2.0, LAN, Wi-Fi(n), Bluetooth 2.1 EDR - cortador",Brother,QL1110NWB,248.8,4,Impresoras de Etiquetas,Physical,ok,True,1,5,5,Rotuladora Etiquetadora QL-1110NWB,0,0,False,{},,ingram
34087,nan,Epson M1120 - 216 x 356 mm - hasta 30 ppm (mono) - capacidad: 150 sheets,Epson,C11CG96303,159.4,18,Impresoras Ink-Jet,Physical,ok,True,1,14,14,Impresora Tinta Continua Blanco y Negro EcoTank M1120 WiFi - Direct / Ethernet ,0,0,False,{},,ingram
56581,nan,Epson M3180 - Workgroup printer - Printer / Copier / Scanner / Fax,Epson,C11CG93303,375.3,11,Impresoras Multifuncionales,Physical,ok,True,1,9,9,Multifuncional Tinta continua EcoTank M3180 WiFi-Direct/Ethernet/Dúplex,0,0,False,{},,ingram
37015,nan,"APC Smart-UPS SRT 2200VA - UPS - CA 230 V - 1980 vatios - 2200 VA - RS-232, USB - conectores de salida: 10",APC,SRT2200XLI,1607.9,3,UPS / Respaldo de Energía,Physical,ok,True,1,6,6,UPS 2200VA Smart-UPS SRT ONLINE,0,0,False,{},,ingram
33864,nan,"APC Easy UPS SRV SRV3KI - UPS - CA 230 V - 2400 vatios - 3000 VA - USB, RS-232 - conectores de salida: 7",APC,SRV3KI,497.6,21,UPS / Respaldo de Energía,Physical,ok,True,1,6,6,APC EASY UPS SRV 3000VA On Line,0,0,False,{},,ingram
36100,nan,APC Easy UPS SRV SRV2KI - UPS - CA 230 V - 1600 vatios - 2000 VA - USB - conectores de salida: 4,APC,SRV2KI,346.7,14,UPS / Respaldo de Energía,Physical,ok,True,1,16,16,UPS 2000VA/1600W Easy-UPS SRV - On-Line,0,0,False,{},,ingram
58240,nan,APC Back-UPS BX Series BX1200MI-MS - UPS - CA 230 V - 650 vatios - 1200 VA - conectores de salida: 5 - negro,APC,BX1200MI-MS,119.6,23,UPS / Respaldo de Energía,Physical,ok,True,1,22,22,APC Back-UPS 1200VA 230V AVR Universales,0,0,False,{},,ingram
47485,nan,APC Back-UPS BX Series BX2200MI-MS - UPS - CA 230 V - 1200 vatios - 2200 VA - conectores de salida: 4 - negro,APC,BX2200MI-MS,186.2,17,UPS / Respaldo de Energía,Physical,ok,True,1,13,13,UPS 2200VA/1200W Back UPS - Interactiva,0,0,False,{},,ingram
56539,nan,APC Easy UPS On-Line SRV2KI-E - UPS - On-line,APC,SRV2KI-E,587.6,46,UPS / Respaldo de Energía,Physical,ok,True,1,22,22,APC Easy UPS On-Line SRV 2000VA 1800W 23,0,0,False,{},,ingram
56206,nan,APC Easy UPS On-Line SRV3KI-E - UPS - On-line,APC,SRV3KI-E,841.0,24,UPS / Respaldo de Energía,Physical,ok,True,1,30,+30,UPS 3000VA Doble conversión,0,0,False,{},,ingram
55238,nan,"APC Smart-UPS SRT 10000VA - UPS (montaje en rack / externo) - CA 230 V - 10 kW - 10000 VA - Ethernet 10/100, USB - conectores de salida: 14 - 6U - negro - para P/N: SRT192BPUS, SRT192RMBP2US, SRT192RMBPUS, SRT6KXLTUS, SRT72RMBPUS, SRT96RMBPUS",APC,SRT10KXLI,5089.7,2,UPS / Respaldo de Energía,Physical,ok,True,1,6,6,UPS APC SMART-UPS SRT 10000VA 230V,0,0,False,{},,ingram
35992,nan,APC - UPS - 230 Watt,APC,BV500I-MS,66.9,50,UPS / Respaldo de Energía,Physical,ok,True,1,30,+30,UPS 500VA/300W Easy-UPS Interactiva,0,0,False,{},,ingram
