pcf_id,ingram_part,description,vendor_name,vendor_part,customer_price,available_qty,category,subcategory,solotodo_id,pcf_price,min_price,mode_price,mean_price
,100015173.0,2N Indoor Compact - Unidad de respuesta - cableado - 10/100 Ethernet - negro,Axis,01935-001,657.3,1,Accesorios,Physical,,,,,
,100015288.0,Axis - Control panel - I8016-LVE,Axis,01995-001,1452.7,3,Paneles,Physical,,,,,
,100015470.0,Axis D2110-VE Security Radar - Sensor de movimiento - cableado - blanco,Axis,01564-001,2084.5,4,Accesorios,Physical,,,,,
,100016091.0,Kingston FURY Beast - DDR4 - módulo - 32 GB - DIMM de 288 contactos - 3600 MHz / PC4-28800 - CL18 - 1.35 V - sin búfer - no ECC - negro,Kingston Fury,KF436C18BB/32,299.1,1,Módulos RAM - Genéricos,Physical,126356,,349600,,368409
,100016376.0,Kingston FURY Beast - DDR5 - módulo - 8 GB - DIMM de 288 contactos - 5600 MHz / PC5-44800 - CL40 - 1.25 V - sin búfer - on-die ECC,Kingston Fury,KF556C40BB-8,161.7,22,Módulos RAM - Genéricos,Physical,140024,,149990,189990,186848
,100016773.0,Zebra Handheld TC15 Kit for LATAM TC15,Zebra,KT-TC15-ROLATAM,503.0,50,Computadoras Handheld,Physical,,,,,
,100017420.0,"Zebra ET45 - Tableta - resistente - Android 11 - 64 GB UFS card - 8"" (1280 x 800) - lector de código de barras - 5G",Zebra,ET45CA-101D1B0-A6,819.5,5,Tableta,Physical,393830,,1041990,,1067720
,100017737.0,"Zebra TC22 WLAN Wifi 6 SE4710 6"" Display 6GB/64GB 16MP RFC 5MP FFC 2-Pin Back I/O Standard Battery NFC BT USB-C GMS ROW",Zebra,WLMT0-T22B6ABC2-A6,554.2,50,Computadoras Handheld,Physical,,,,,
,100017740.0,"Zebra TC27 - Terminal de recopilación de datos - resistente - Android - 64 GB - 6"" color (1080 x 2160) - cámara posterior + cámara frontal - lector de código de barras - (creador de imágenes 2D) - Host USB - Ranura para microSD - Bluetooth, NFC, Wi-F",Zebra,WCMTB-T27B6ABC2-A6,606.9,34,Computadoras Handheld,Physical,,,,,
,100017868.0,"Poly Voyager 4320-M - Voyager 4300 UC series - auricular - en oreja - Bluetooth - inalámbrico, cableado - USB-C - negro - Certificado para Equipos de Microsoft, Certificado por Zoom",Poly,77Z30AA,144.5,5,Auriculares,Physical,367034,,99990,,169202
,100018032.0,"HP - Kit de montaje (montaje VESA, soporte para montaje en pared) - para sistema de videoconferencia - para Poly Studio X30",Poly,875L6AA,84.2,4,Video Conferencia,Physical,,,,,
,100018123.0,Kingston FURY Renegade - DDR4 - módulo - 32 GB - DIMM de 288 contactos - 3200 MT/s / PC4-25600 - CL16 - 1.2 V - sin búfer - no ECC - negro,Kingston Fury,KF432C16RB2/32,463.9,5,Módulos RAM - Genéricos,Physical,223067,,310000,,337154
,100018124.0,Kingston FURY Renegade - DDR4 - módulo - 8 GB - DIMM de 288 contactos - 3200 MT/s / PC4-25600 - CL16 - 1.2 V - sin búfer - no ECC - negro,Kingston Fury,KF432C16RB2/8,108.5,6,Módulos RAM - Genéricos,Physical,223068,,109440,,133962
,100018191.0,Kingston FURY Beast RGB - DDR5 - módulo - 8 GB - DIMM de 288 contactos - 5600 MT/s / PC5-44800 - CL36 - 1.25 V - sin búfer - on-die ECC - negro,Kingston Fury,KF556C36BBEA-8,156.9,18,Módulos RAM - Genéricos,Physical,257310,,177990,,196457
,100018310.0,Kingston FURY Renegade RGB - DDR5 - módulo - 48 GB - DIMM de 288 contactos - 6000 MT/s / PC5-48000 - CL32 - 1.35 V - sin búfer - on-die ECC - negro y plata,Kingston Fury,KF560C32RSA-48,846.4,4,Módulos RAM - Genéricos,Physical,229844,,979990,,1051557
,100018322.0,Poly - Kit de montaje (montaje VESA) - para sistema de videoconferencia - para Poly Studio X52,Poly,875L9AA,223.5,1,Accesorios,Physical,,,,,
,100018483.0,Kingston Fury - DDR5 SDRAM - 6000 MHz - Registered - ECC - Renegade Pro,Kingston Fury,KF560R32RBE-32,956.3,4,Módulos RAM - Genéricos,Physical,386203,,1116900,,1221066
,100018518.0,Kingston Fury - DDR5 SDRAM - 24GB 7200MT/s DDR5 CL38 DIMM,Kingston Fury,KF572C38RSA-24,493.2,2,Módulos RAM - Genéricos,Physical,237011,,439990,,498917
,100018522.0,Kingston Fury - DDR5 SDRAM - 48GB 6000MT/s DDR5 CL32 DIMM R,Kingston Fury,KF560C32RS-48,908.1,11,Módulos RAM - Genéricos,Physical,238358,,839990,,1105692
,100018800.0,Hanwha Wisenet A - Network surveillance camera - Indoor / Outdoor,Hanwha,ANO-L6082R,308.6,9,Cámaras de Red,Physical,,,,,
,100019048.0,Hanwha - Camera cap adapter - SBP-120HMW,Hanwha,SBP-120HMW,32.4,9,Accesorios,Physical,,,,,
,100019219.0,Kingston Fury - DDR5 SDRAM - DIMM 288-pin - 6400 MHz - CL32 - Generic - ECC - Dimm,Kingston Fury,KF564C32BBE-16,308.5,31,Módulos RAM - Genéricos,Physical,255262,,342990,,384039
,100019402.0,Logitech - cable - USB Active Cable for Meetup 2,Logitech,952-000195,148.3,12,Accesorios,Physical,,,,,
,100019600.0,Kingston Fury - DDR5 SDRAM - 6400 MHz - Unbuffered - Non-ECC - Beast RGB EXPO,Kingston Fury,KF564C32BBEA-16,313.8,31,Módulos RAM - Genéricos,Physical,354697,,357990,,389104
,100019637.0,Jabra - Headphones - Evolve2 50 USB C/A MS Stereo,Jabra,25089-999-799,147.6,21,Auriculares,Physical,270981,,177870,,190912
,100019639.0,Jabra - Headphones - Evolve 20 USB C/A MS Stereo,Jabra,4999-823-169,50.6,50,Auriculares,Physical,269060,,58990,,65137
,100019643.0,Jabra - Headphones - Evolve 30 II USB C/A Stereo St,Jabra,5399-823-369,67.0,50,Auriculares,Physical,268574,,80987,,88693
,100019680.0,Jabra Evolve 20 SE - Handset - Wired - USB-A / USB-C - MS Stereo,Jabra,4999-823-369,51.8,50,Auriculares y Manos Libres,Physical,277308,,57950,67960,64677
,100019761.0,Jabra Evolve - 10 - Handset - USB-A - Leatherettes - Negro - 2699-820-109,Jabra,2699-820-109,24.9,50,Auriculares y Manos Libres,Physical,278051,,22900,,29585
,100020006.0,Poly - Headphones - Voyager 4320 USB-C Headset +BT,Poly,76U50AA,148.3,18,Auriculares,Physical,405539,,177625,,184677
,100020064.0,Jabra - Headset - Evolve2 40 SE USB C/A MS Stere,Jabra,24189-999-799,122.7,34,Auriculares,Physical,360568,,149965,,158887
,100020155.0,JBL 104SET-BT-US JBL 104-BT Monitores Compactos de 4.5 pulg. con Bluetooth Negro - Venta en pares,JBL Pro,104SET-BT-US,148.6,34,Parlantes / Bocinas / Cornetas,Physical,,,,,
,100020162.0,"JBL Pro 308P MkII - Powered 8"" Two-Way Studio Monitor - Bi-amplified - Matte black",JBL Pro,308PMKII,238.7,15,Parlantes / Bocinas / Cornetas,Physical,,,,,
,100020191.0,Soundcraft EPM8 - Analog Mixer - Mezcladores de alto rendimiento y bajo costo,Soundcraft,SCR-RW5735US,205.1,6,Sistemas de Audio,Physical,,,,,
,100020204.0,Soundcraft EFX8 - Analog mixer - 8 Channel Mono 2 Stereo,Soundcraft,SCR-E535000000EU,287.3,3,Sistemas de Audio,Physical,,,,,
,100020221.0,JBL Pro - Speaker - JBL PRX ONE Powered Column PA,JBL Pro,JBL-PRX ONE-EK,1204.8,5,Parlantes / Bocinas / Cornetas,Physical,,,,,
,100020223.0,JBL Pro - Speaker - EON ONE MK2 BATTERY POWERED CO,JBL Pro,JBL-EONONEMK2-EK,840.4,50,Parlantes / Bocinas / Cornetas,Physical,,,,,
,100020243.0,AKG WMS470 Vocal Set D5 - Microphone set - Wireless,AKG,WMS470-D5-SET BD5-A-50MW,349.3,5,Micrófonos,Physical,,,,,
,100020244.0,AKG WMS470 Vocal Set D5 - Wireless microphone system,AKG,WMS470-D5-SET-BD7-50MW,349.3,5,Micrófonos,Physical,,,,,
,100020285.0,AKG C7 WL1 - condenser microphone,AKG,C7-WL1,206.7,20,Micrófonos,Physical,,,,,
,100020286.0,AKG D112 MKII - Dynamic microphone capsule,AKG,AKG-D112-MKII,132.8,4,Micrófonos,Physical,,,,,
,100020288.0,AKG - K240 MKII - Headphones - Wired,AKG,AKG-K240-MKII,99.5,38,Auriculares,Physical,,,,,
,100020292.0,AKG - Perception Wireless 45 Instrumental Set Band-A - Microphone,AKG,PERCEP-WL45-INST-BDA,165.4,3,Micrófonos,Physical,,,,,
,100020293.0,AKG - Perception Wireless 45 Presenter Set Band-A,AKG,PERCEP-WL45-PRES-BDA,165.9,2,Micrófonos,Physical,,,,,
,100020294.0,AKG - Perception Wireless 45 Sports Set Band-A - Microphone,AKG,PERCEP-WL45-SP-BDA,199.7,6,Micrófonos,Physical,,,,,
,100020295.0,AKG - Perception Wireless 45 Vocal Set Band-A - Microphone,AKG,PERCEP-WL45-VOCAL-BDA,165.4,2,Micrófonos,Physical,,,,,
,100020296.0,AKG - Perception Wireless 45 Vocal Set Band-A - Microphone,AKG,PERCEP-WL45-VOCAL-BDB1,165.4,5,Micrófonos,Physical,,,,,
,100020297.0,AKG - Perception Wireless 45 Vocal Set Band-A - Microphone,AKG,PERCEP-WL45-VOCAL-BDB2,165.4,5,Micrófonos,Physical,,,,,
,100020298.0,AKG - Perception Wireless 45 Vocal Set Band-A - Microphone,AKG,PERCEP-WL45-VOCAL-BDC1,165.4,5,Micrófonos,Physical,,,,,
,100020299.0,AKG - Perception Wireless 45 Vocal Set Band-A - Microphone,AKG,PERCEP-WL45-VOCAL-BDC2,165.4,5,Micrófonos,Physical,,,,,
,100020302.0,AKG - Perception Wireless 45 Vocal Set Band-A U2 - Microphone,AKG,PERCEP-WL45-VOCAL-U2,165.4,5,Micrófonos,Physical,,,,,
,100020303.0,AKG - Perception Wireless 45 Vocal Set Band-A BDC3 - Microphone,AKG,PERCEP-WL45-VOCAL-BDC3,165.4,5,Micrófonos,Physical,,,,,
,100020304.0,AKG WMS420 - Presenter Set Band-A Bd B1 - Microphone,AKG,WMS420-PRES-SET-BDB1,210.9,2,Micrófonos,Physical,,,,,
,100020305.0,AKG - WMS470 Vocal Set D5 BD10-50MW- Microphone,AKG,WMS470-D5-SET-BD10-50MW,349.3,5,Micrófonos,Physical,,,,,
,100020307.0,AKG - WMS470 Vocal Set D5 BD3-50MW,AKG,WMS470-D5-SET-BD3-50MW,349.3,5,Micrófonos,Physical,,,,,
,100020308.0,AKG - WMS470 Vocal Set D5 BD5-B-10MW - Microphone set,AKG,WMS470-D5-SET-BD5-B-10MW,349.3,5,Micrófonos,Physical,,,,,
,100020309.0,AKG - WMS470 Instrumental Set BD1-50MW,AKG,WMS470-INSTR-SET-BD1-50MW,349.3,5,Micrófonos,Physical,,,,,
,100020310.0,AKG - WMS470 Presenter Set BD10-50MW,AKG,WMS470-PRES-SET-BD10-50MW,441.5,5,Micrófonos,Physical,,,,,
,100020311.0,AKG - WMS470 Presenter Set BD5-B-50MW,AKG,WMS470-PRES-BD5-B-50MW,441.5,5,Micrófonos,Physical,,,,,
,100020313.0,DBX - Loudspeaker Management System,DBX,DBX260V,530.7,8,Parlantes / Bocinas / Cornetas,Physical,,,,,
,100020315.0,DBX - Advanced Feedback Suppression Processor,DBX,DBXAFS2-V-EU,221.0,6,Sistemas de Audio,Physical,,,,,
,100020320.0,AKG - WMS40 Mini Dual Vocal Set BD ISM2/3,AKG,WMS40MINI2-VOC-BD-ISM2/3,151.6,8,Micrófonos,Physical,,,,,
,100020321.0,AKG - WMS40 Mini Dual Vocal Set BD JP1/2,AKG,WMS40MINI2-VOC-BD-JP1/2,151.6,12,Micrófonos,Physical,,,,,
,100020322.0,AKG - WMS40 Mini Dual Vocal Set BD US45A/C,AKG,WMS40MINI2-VOC-BD-US45A/C,151.6,43,Micrófonos,Physical,,,,,
,100020323.0,AKG - WMS40 Mini Dual Vocal Set US25A/C,AKG,WMS40MIN2-VOC-SET-US25A/C,151.6,13,Micrófonos,Physical,,,,,
,100020325.0,DBX - Loudspeaker - DBXPA2-V-EU,DBX,DBXPA2-V-EU,354.4,7,Sistemas de Audio,Physical,,,,,
,100020333.0,Soundcraft - EFX12 - Mixer - CONSOLE +K EU,Soundcraft,EFX12 CONSOLE +K EU,342.2,10,Sistemas de Audio,Physical,,,,,
,100020337.0,JBL Pro - JBL-EON712 12-inch Powered PA Speaker with Bluetooth,JBL Pro,JBL-EON712D-EK,397.4,1,Parlantes / Bocinas / Cornetas,Physical,,,,,
,100020342.0,JBL Pro - JBL-EON710 10-inch Powered PA Speaker with Bluetooth,JBL Pro,JBL-EON710D-EK,364.6,5,Parlantes / Bocinas / Cornetas,Physical,,,,,
,100020344.0,JBL Pro - IRX108BT Powered 8-inch Portable PA Loudspeaker With Bluetooth,JBL Pro,IRX108BT-EK,255.8,22,Parlantes / Bocinas / Cornetas,Physical,,,,,
,100020345.0,JBL Pro - Speaker - JBL PSB-2 EK,JBL Pro,JBL-PSB-2-EK,175.7,9,Parlantes / Bocinas / Cornetas,Physical,,,,,
,100020348.0,JBL Pro - Speaker - S/M JRX215D,JBL Pro,S/M-JRX215D,280.2,6,Parlantes / Bocinas / Cornetas,Physical,,,,,
,100020349.0,JBL Pro - COL800 Slim Column Loudspeaker,JBL Pro,JBL-COL800-BK,337.4,3,Parlantes / Bocinas / Cornetas,Physical,,,,,
,100020351.0,JBL Pro - IRX115S-EK- 15-inch Powered Subwoofer,JBL Pro,S/M-IRX115S-EK,614.5,26,Parlantes / Bocinas / Cornetas,Physical,,,,,
,100020354.0,JBL Pro - Speaker - S/M 306P MKII-EU,JBL Pro,S/M-306P MKII-EU,180.3,11,Parlantes / Bocinas / Cornetas,Physical,,,,,
,100020357.0,JBL Pro - Speaker - EON ONE COMPACT-EK,JBL Pro,EON-ONECOMPACT-EK,427.6,50,Parlantes / Bocinas / Cornetas,Physical,,,,,
,100020460.0,JBL Pro - Speaker - IRX ONE,JBL Pro,JBL-IRXONE-EK,620.2,28,Parlantes / Bocinas / Cornetas,Physical,,,,,
,100020461.0,JBL Pro - Mixer - 8 input,JBL Pro,NVMA260-34-EU,409.5,1,Sistemas de Audio,Physical,,,,,
,100020581.0,Kingston Fury - DDR5 SDRAM - 48GB 8400MT/s CL40 CUDIMM (Kit,Kingston Fury,KF584CU40RSAK2-48,890.3,2,Módulos RAM - Genéricos,Physical,358116,,1069461,,1123918
,100020850.0,JBL Pro - Speaker - PRX908 8IN powered loudspeaker,JBL Pro,JBL-PRX908-EK,631.5,7,Parlantes / Bocinas / Cornetas,Physical,,,,,
,100020851.0,JBL Pro - Speaker - PRX912 12IN powered loudspeake,JBL Pro,JBL-PRX912-EK,724.2,17,Parlantes / Bocinas / Cornetas,Physical,,,,,
,100020852.0,JBL Pro - Speaker - PRX915 15IN powered loudspeake,JBL Pro,JBL-PRX915-EK,804.8,2,Parlantes / Bocinas / Cornetas,Physical,,,,,
,100020875.0,JBL Pro - Speaker - EON715-EK,JBL Pro,JBL-EON715-EK,454.6,50,Parlantes / Bocinas / Cornetas,Physical,,,,,
,100021006.0,Kingston Fury - DDR5 SDRAM - 5600 MHz - CL36 - 64GB Beast Black,Kingston Fury,KF556C36BBE-64,1065.5,4,Módulos RAM - Genéricos,Physical,383064,,1287034,,1345231
,100021007.0,Kingston Fury - DDR5 SDRAM - 5600 MHz - CL36 - 64GB Beast RGB,Kingston Fury,KF556C36BBEA-64,1051.7,9,Módulos RAM - Genéricos,Physical,354683,,1266838,,1302511
,100021028.0,Kingston Fury - DDR5 SDRAM - 6400 MHz - 16GB CL32 DIMM Beast RGB EXPO,Kingston Fury,KF564C32BBE-32,598.1,16,Módulos RAM - Genéricos,Physical,382008,,697990,,746655
,100021030.0,"Zebra - ET401 10"" WIFI7 Standard SE410",Zebra,ET4010B-001C1B0P-A6,978.4,13,Computadoras Handheld,Physical,,,,,
,100021295.0,Screenbeam - Receptor 1100 Plus version International kit de montaje C,Screenbeam,SBWD1100PLADMIN3Y,1319.4,10,Adaptadores y Controladoras,Physical,,,,,
,100021362.0,Jabra Evolve3 - Headphones - Wireless - 75 MS Link390c Black,Jabra,37599-999-899,326.6,28,Auriculares y Manos Libres,Physical,389578,,380971,,406566
,100021369.0,Jabra Evolve3 - Headphones - Wireless - Evolve3 85 MS Link390c Black,Jabra,38599-999-899,446.5,8,Auriculares y Manos Libres,Physical,389579,,529601,,559656
,100021442.0,Poly - Mission 425 - Headset - Wired - Stereo,Poly,C01B6AA#AC3,58.7,50,Auriculares,Physical,,,,,
,100021443.0,Poly - Mission 625 - Headset - Wired - Stereo USB,Poly,C01C6AA#AC3,138.0,15,Auriculares,Physical,,,,,
,100021450.0,Jabra - Scheduler,Jabra,8020-239,583.0,3,Video Conferencia,Physical,,,,,
,100021554.0,AKG - Microphone - AKG-C151,AKG,AKG-C151,84.8,20,Micrófonos,Physical,,,,,
,100021555.0,JBL Pro ASB6112 - Subwoofer,JBL Pro,ASB6112,1048.1,1,Parlantes / Bocinas / Cornetas,Physical,,,,,
,100021562.0,Zebra - National Adapter for Printers,Zebra,ADAPT-ZEBRA,0.0,50,Accesorios,Physical,,,,,
,100022004.0,Jabra - Video conferencing kit - PanaCast U30 VB UC NA,Jabra,8800-231,826.4,3,Video Conferencia,Physical,,,,,
,100022115.0,Poly - 625 - Handset - C56XPAA#AC3,Poly,C56XPAA#AC3,320.0,10,Auriculares,Physical,,,,,
,100022142.0,Ring Battery Doorbell - B0G2D1W8YT,Ring,B0G2D1W8YT,74.1,24,Alarmas y Seguridad,Physical,,,,,
,100022146.0,Ring - Spotlight Cam Plus Battery - B,Ring,B0BRP1XFWH,203.0,12,Cámaras,Physical,410387,,240778,,254482
,100022151.0,Ring - Spotlight Cam Plus Battery - W,Ring,B0BRP2CBZK,205.4,8,Cámaras,Physical,410388,,243649,,256226
,100022152.0,Ring - 2K Outdoor Cam Plus - White,Ring,B0D4RMD8D4,74.5,50,Cámaras,Physical,410396,,88306,,94005
,100022153.0,Ring - 2K Outdoor Cam Plus - Black,Ring,B0D4SPCCY7,74.5,50,Cámaras,Physical,410395,,88306,,93444
,100022154.0,Ring - Pan-Tilt Indoor Cam - White,Ring,B0CG2TB6H9,45.3,50,Cámaras,Physical,410394,,53703,,58117
,100022155.0,Ring - Pan-Tilt Indoor Cam - Black,Ring,B0CG2WV95W,45.3,24,Cámaras,Physical,410393,,53703,,58117
,100022156.0,Ring - Battery Doorbell Plus (2nd Gen,Ring,B0F642MFP7,131.8,50,Cámaras,Physical,,,,,
,100022161.0,Ring Spotlight Cam Plus Battery - White - NALA,Ring,B09K1CRGN3,112.6,50,Cámaras,Physical,410386,,133563,,141461
,100022163.0,Ring - 2K Battery Video Doorbell 2,Ring,B0FHJ8XWWL,74.3,48,Cámaras,Physical,,,,,
,100022164.0,Ring Spotlight Cam Plus Battery - Black - NALA,Ring,B09K1HMTP3,112.6,50,Cámaras,Physical,409862,,133563,,140627
,100022170.0,Ring Battery Doorbell Plus - NALA,Ring,B09WZCHQDB,111.0,50,Cámaras,Physical,,,,,
,100022179.0,Ring - Spotlight Cam Plus -B0FZPW4N23,Ring,B0FZPW4N23,127.1,12,Alarmas y Seguridad,Physical,410391,,150740,,159653
,100022181.0,Ring - Spotlight Cam Plus -B0FZPZBYXZ,Ring,B0FZPZBYXZ,127.1,12,Alarmas y Seguridad,Physical,410390,,150740,,159653
,100022183.0,Ring - Floodlight Camera 2K,Ring,B0G3626TXZ,150.6,16,Alarmas y Seguridad,Physical,410389,,178558,,187923
,100022184.0,Ring - Floodlight Camera 2K B0G365R7H,Ring,B0G365R7HR,150.6,4,Alarmas y Seguridad,Physical,410392,,178546,,187920
,100022237.0,Jabra Evolve3 - Headset - 65 - Stereo LINK 390a MS,Jabra,36599-999-999,221.1,6,Auriculares y Manos Libres,Physical,409231,,275990,,281062
,100022249.0,Jabra Evolve3 - Headset - 65 Flex - MS Link390a Black,Jabra,36699-999-999,262.4,5,Auriculares y Manos Libres,Physical,409232,,327560,,333700
